timeStamp,elapsed,label,responseCode,responseMessage,threadName,dataType,success,failureMessage,bytes,sentBytes,grpThreads,allThreads,URL,Latency,IdleTime,Connect
1650136357597,686,Certificate,200,OK,User 1-7,text,true,,7207,256,17,17,https://surokkha.gov.bd/certificate,7,0,3
1650136357597,7,Certificate-0,302,Found,User 1-7,,true,,132,128,17,17,http://surokkha.gov.bd/certificate,7,0,3
1650136357606,677,Certificate-1,200,OK,User 1-7,text,true,,7075,128,17,17,https://surokkha.gov.bd/certificate,676,0,658
1650136357792,496,Certificate,200,OK,User 1-11,text,true,,7207,256,17,17,https://surokkha.gov.bd/certificate,8,0,4
1650136357792,8,Certificate-0,302,Found,User 1-11,,true,,132,128,17,17,http://surokkha.gov.bd/certificate,8,0,4
1650136357801,487,Certificate-1,200,OK,User 1-11,text,true,,7075,128,17,17,https://surokkha.gov.bd/certificate,485,0,461
1650136357891,404,Certificate,200,OK,User 1-13,text,true,,7207,256,17,17,https://surokkha.gov.bd/certificate,8,0,3
1650136357891,8,Certificate-0,302,Found,User 1-13,,true,,132,128,17,17,http://surokkha.gov.bd/certificate,8,0,3
1650136357900,395,Certificate-1,200,OK,User 1-13,text,true,,7075,128,17,17,https://surokkha.gov.bd/certificate,394,0,367
1650136357990,310,Certificate,200,OK,User 1-15,text,true,,7207,256,17,17,https://surokkha.gov.bd/certificate,10,0,3
1650136357990,10,Certificate-0,302,Found,User 1-15,,true,,132,128,17,17,http://surokkha.gov.bd/certificate,10,0,3
1650136358000,300,Certificate-1,200,OK,User 1-15,text,true,,7075,128,17,17,https://surokkha.gov.bd/certificate,300,0,293
1650136357431,876,Certificate,200,OK,User 1-1,text,true,,7207,256,17,17,https://surokkha.gov.bd/certificate,43,0,31
1650136357431,47,Certificate-0,302,Found,User 1-1,,true,,132,128,17,17,http://surokkha.gov.bd/certificate,43,0,31
1650136357481,826,Certificate-1,200,OK,User 1-1,text,true,,7075,128,17,17,https://surokkha.gov.bd/certificate,825,0,814
1650136358285,27,Registration,200,OK,User 1-7,text,true,,7202,246,17,17,https://surokkha.gov.bd/enroll,13,0,7
1650136358285,13,Registration-0,302,Found,User 1-7,,true,,127,123,17,17,http://surokkha.gov.bd/enroll,13,0,7
1650136358299,13,Registration-1,200,OK,User 1-7,text,true,,7075,123,17,17,https://surokkha.gov.bd/enroll,13,0,0
1650136358289,24,Registration,200,OK,User 1-11,text,true,,7202,246,17,17,https://surokkha.gov.bd/enroll,11,0,3
1650136358289,11,Registration-0,302,Found,User 1-11,,true,,127,123,17,17,http://surokkha.gov.bd/enroll,11,0,3
1650136358300,13,Registration-1,200,OK,User 1-11,text,true,,7075,123,17,17,https://surokkha.gov.bd/enroll,12,0,0
1650136357432,882,Certificate,200,OK,User 1-3,text,true,,7207,256,17,17,https://surokkha.gov.bd/certificate,43,0,31
1650136357432,47,Certificate-0,302,Found,User 1-3,,true,,132,128,17,17,http://surokkha.gov.bd/certificate,43,0,31
1650136357481,833,Certificate-1,200,OK,User 1-3,text,true,,7075,128,17,17,https://surokkha.gov.bd/certificate,833,0,822
1650136357645,671,Certificate,200,OK,User 1-8,text,true,,7207,256,17,17,https://surokkha.gov.bd/certificate,7,0,3
1650136357645,7,Certificate-0,302,Found,User 1-8,,true,,132,128,17,17,http://surokkha.gov.bd/certificate,7,0,3
1650136357653,663,Certificate-1,200,OK,User 1-8,text,true,,7075,128,17,17,https://surokkha.gov.bd/certificate,663,0,650
1650136357431,887,Certificate,200,OK,User 1-2,text,true,,7207,256,17,17,https://surokkha.gov.bd/certificate,43,0,32
1650136357431,47,Certificate-0,302,Found,User 1-2,,true,,132,128,17,17,http://surokkha.gov.bd/certificate,43,0,32
1650136357481,837,Certificate-1,200,OK,User 1-2,text,true,,7075,128,17,17,https://surokkha.gov.bd/certificate,837,0,821
1650136357541,778,Certificate,200,OK,User 1-6,text,true,,7207,256,17,17,https://surokkha.gov.bd/certificate,9,0,3
1650136357541,9,Certificate-0,302,Found,User 1-6,,true,,132,128,17,17,http://surokkha.gov.bd/certificate,9,0,3
1650136357551,768,Certificate-1,200,OK,User 1-6,text,true,,7075,128,17,17,https://surokkha.gov.bd/certificate,767,0,755
1650136358296,27,Registration,200,OK,User 1-13,text,true,,7202,246,17,17,https://surokkha.gov.bd/enroll,18,0,8
1650136358296,18,Registration-0,302,Found,User 1-13,,true,,127,123,17,17,http://surokkha.gov.bd/enroll,18,0,8
1650136358314,9,Registration-1,200,OK,User 1-13,text,true,,7075,123,17,17,https://surokkha.gov.bd/enroll,9,0,0
1650136358301,23,Registration,200,OK,User 1-15,text,true,,7202,246,17,17,https://surokkha.gov.bd/enroll,16,0,7
1650136358301,16,Registration-0,302,Found,User 1-15,,true,,127,123,17,17,http://surokkha.gov.bd/enroll,16,0,7
1650136358318,6,Registration-1,200,OK,User 1-15,text,true,,7075,123,17,17,https://surokkha.gov.bd/enroll,6,0,0
1650136358308,22,Registration,200,OK,User 1-1,text,true,,7202,246,17,17,https://surokkha.gov.bd/enroll,14,0,8
1650136358308,14,Registration-0,302,Found,User 1-1,,true,,127,123,17,17,http://surokkha.gov.bd/enroll,14,0,8
1650136358323,7,Registration-1,200,OK,User 1-1,text,true,,7075,123,17,17,https://surokkha.gov.bd/enroll,6,0,0
1650136358315,17,Registration,200,OK,User 1-3,text,true,,7202,246,17,17,https://surokkha.gov.bd/enroll,11,0,5
1650136358315,11,Registration-0,302,Found,User 1-3,,true,,127,123,17,17,http://surokkha.gov.bd/enroll,11,0,5
1650136358326,6,Registration-1,200,OK,User 1-3,text,true,,7075,123,17,17,https://surokkha.gov.bd/enroll,6,0,0
1650136358313,20,Home,200,OK,User 1-11,text,true,,7196,234,17,17,https://surokkha.gov.bd/,12,0,6
1650136358313,12,Home-0,302,Found,User 1-11,,true,,121,117,17,17,http://surokkha.gov.bd/,12,0,6
1650136358325,8,Home-1,200,OK,User 1-11,text,true,,7075,117,17,17,https://surokkha.gov.bd/,6,0,0
1650136358316,20,Registration,200,OK,User 1-8,text,true,,7202,246,17,17,https://surokkha.gov.bd/enroll,10,0,5
1650136358316,10,Registration-0,302,Found,User 1-8,,true,,127,123,17,17,http://surokkha.gov.bd/enroll,10,0,5
1650136358327,9,Registration-1,200,OK,User 1-8,text,true,,7075,123,17,17,https://surokkha.gov.bd/enroll,8,0,0
1650136358318,19,Registration,200,OK,User 1-2,text,true,,7202,246,17,17,https://surokkha.gov.bd/enroll,9,0,4
1650136358318,10,Registration-0,302,Found,User 1-2,,true,,127,123,17,17,http://surokkha.gov.bd/enroll,9,0,4
1650136358328,9,Registration-1,200,OK,User 1-2,text,true,,7075,123,17,17,https://surokkha.gov.bd/enroll,9,0,0
1650136358319,21,Registration,200,OK,User 1-6,text,true,,7202,246,17,17,https://surokkha.gov.bd/enroll,10,0,5
1650136358319,10,Registration-0,302,Found,User 1-6,,true,,127,123,17,17,http://surokkha.gov.bd/enroll,10,0,5
1650136358329,11,Registration-1,200,OK,User 1-6,text,true,,7075,123,17,17,https://surokkha.gov.bd/enroll,11,0,0
1650136358323,19,Home,200,OK,User 1-13,text,true,,7196,234,17,17,https://surokkha.gov.bd/,12,0,5
1650136358323,12,Home-0,302,Found,User 1-13,,true,,121,117,17,17,http://surokkha.gov.bd/,12,0,5
1650136358335,7,Home-1,200,OK,User 1-13,text,true,,7075,117,17,17,https://surokkha.gov.bd/,7,0,0
1650136358313,33,Home,200,OK,User 1-7,text,true,,7196,234,17,17,https://surokkha.gov.bd/,26,0,6
1650136358313,26,Home-0,302,Found,User 1-7,,true,,121,117,17,17,http://surokkha.gov.bd/,26,0,6
1650136358339,7,Home-1,200,OK,User 1-7,text,true,,7075,117,17,17,https://surokkha.gov.bd/,6,0,0
1650136358325,22,Home,200,OK,User 1-15,text,true,,7196,234,17,17,https://surokkha.gov.bd/,13,0,4
1650136358325,13,Home-0,302,Found,User 1-15,,true,,121,117,17,17,http://surokkha.gov.bd/,13,0,4
1650136358338,9,Home-1,200,OK,User 1-15,text,true,,7075,117,17,17,https://surokkha.gov.bd/,9,0,0
1650136358330,21,Home,200,OK,User 1-1,text,true,,7196,234,17,17,https://surokkha.gov.bd/,16,0,9
1650136358330,16,Home-0,302,Found,User 1-1,,true,,121,117,17,17,http://surokkha.gov.bd/,16,0,9
1650136358346,5,Home-1,200,OK,User 1-1,text,true,,7075,117,17,17,https://surokkha.gov.bd/,5,0,0
1650136358333,19,Home,200,OK,User 1-3,text,true,,7196,234,17,17,https://surokkha.gov.bd/,14,0,7
1650136358333,14,Home-0,302,Found,User 1-3,,true,,121,117,17,17,http://surokkha.gov.bd/,14,0,7
1650136358347,5,Home-1,200,OK,User 1-3,text,true,,7075,117,17,17,https://surokkha.gov.bd/,5,0,0
1650136358338,17,Home,200,OK,User 1-2,text,true,,7196,234,17,17,https://surokkha.gov.bd/,10,0,6
1650136358338,10,Home-0,302,Found,User 1-2,,true,,121,117,17,17,http://surokkha.gov.bd/,10,0,6
1650136358349,6,Home-1,200,OK,User 1-2,text,true,,7075,117,17,17,https://surokkha.gov.bd/,5,0,0
1650136358336,20,Home,200,OK,User 1-8,text,true,,7196,234,17,17,https://surokkha.gov.bd/,12,0,7
1650136358336,12,Home-0,302,Found,User 1-8,,true,,121,117,17,17,http://surokkha.gov.bd/,12,0,7
1650136358349,7,Home-1,200,OK,User 1-8,text,true,,7075,117,17,17,https://surokkha.gov.bd/,7,0,0
1650136358341,17,Home,200,OK,User 1-6,text,true,,7196,234,17,17,https://surokkha.gov.bd/,11,0,7
1650136358341,11,Home-0,302,Found,User 1-6,,true,,121,117,17,17,http://surokkha.gov.bd/,11,0,7
1650136358352,6,Home-1,200,OK,User 1-6,text,true,,7075,117,17,17,https://surokkha.gov.bd/,5,0,0
1650136358346,16,Certificate,200,OK,User 1-7,text,true,,7207,256,17,17,https://surokkha.gov.bd/certificate,10,0,3
1650136358346,10,Certificate-0,302,Found,User 1-7,,true,,132,128,17,17,http://surokkha.gov.bd/certificate,10,0,3
1650136358356,6,Certificate-1,200,OK,User 1-7,text,true,,7075,128,17,17,https://surokkha.gov.bd/certificate,6,0,0
1650136358348,16,Certificate,200,OK,User 1-15,text,true,,7207,256,17,17,https://surokkha.gov.bd/certificate,10,0,5
1650136358348,10,Certificate-0,302,Found,User 1-15,,true,,132,128,17,17,http://surokkha.gov.bd/certificate,10,0,5
1650136358358,6,Certificate-1,200,OK,User 1-15,text,true,,7075,128,17,17,https://surokkha.gov.bd/certificate,6,0,0
1650136358334,31,Certificate,200,OK,User 1-11,text,true,,7207,256,17,17,https://surokkha.gov.bd/certificate,13,0,6
1650136358334,13,Certificate-0,302,Found,User 1-11,,true,,132,128,17,17,http://surokkha.gov.bd/certificate,13,0,6
1650136358347,18,Certificate-1,200,OK,User 1-11,text,true,,7075,128,17,17,https://surokkha.gov.bd/certificate,17,0,0
1650136358352,13,Certificate,200,OK,User 1-1,text,true,,7207,256,17,17,https://surokkha.gov.bd/certificate,8,0,3
1650136358352,8,Certificate-0,302,Found,User 1-1,,true,,132,128,17,17,http://surokkha.gov.bd/certificate,8,0,3
1650136358360,5,Certificate-1,200,OK,User 1-1,text,true,,7075,128,17,17,https://surokkha.gov.bd/certificate,5,0,0
1650136357743,625,Certificate,200,OK,User 1-10,text,true,,7207,256,17,17,https://surokkha.gov.bd/certificate,8,0,2
1650136357743,8,Certificate-0,302,Found,User 1-10,,true,,132,128,17,17,http://surokkha.gov.bd/certificate,8,0,2
1650136357752,616,Certificate-1,200,OK,User 1-10,text,true,,7075,128,17,17,https://surokkha.gov.bd/certificate,615,0,610
1650136358353,15,Certificate,200,OK,User 1-3,text,true,,7207,256,17,17,https://surokkha.gov.bd/certificate,8,0,3
1650136358353,8,Certificate-0,302,Found,User 1-3,,true,,132,128,17,17,http://surokkha.gov.bd/certificate,8,0,3
1650136358361,7,Certificate-1,200,OK,User 1-3,text,true,,7075,128,17,17,https://surokkha.gov.bd/certificate,6,0,0
1650136358355,14,Certificate,200,OK,User 1-2,text,true,,7207,256,17,17,https://surokkha.gov.bd/certificate,8,0,3
1650136358355,8,Certificate-0,302,Found,User 1-2,,true,,132,128,17,17,http://surokkha.gov.bd/certificate,8,0,3
1650136358363,6,Certificate-1,200,OK,User 1-2,text,true,,7075,128,17,17,https://surokkha.gov.bd/certificate,6,0,0
1650136358357,15,Certificate,200,OK,User 1-8,text,true,,7207,256,17,17,https://surokkha.gov.bd/certificate,8,0,4
1650136358357,8,Certificate-0,302,Found,User 1-8,,true,,132,128,17,17,http://surokkha.gov.bd/certificate,8,0,4
1650136358366,6,Certificate-1,200,OK,User 1-8,text,true,,7075,128,17,17,https://surokkha.gov.bd/certificate,5,0,0
1650136358358,15,Certificate,200,OK,User 1-6,text,true,,7207,256,17,17,https://surokkha.gov.bd/certificate,9,0,4
1650136358358,9,Certificate-0,302,Found,User 1-6,,true,,132,128,17,17,http://surokkha.gov.bd/certificate,9,0,4
1650136358368,5,Certificate-1,200,OK,User 1-6,text,true,,7075,128,17,17,https://surokkha.gov.bd/certificate,5,0,0
1650136358363,15,Registration,200,OK,User 1-7,text,true,,7202,246,17,17,https://surokkha.gov.bd/enroll,8,0,4
1650136358363,8,Registration-0,302,Found,User 1-7,,true,,127,123,17,17,http://surokkha.gov.bd/enroll,8,0,4
1650136358371,7,Registration-1,200,OK,User 1-7,text,true,,7075,123,17,17,https://surokkha.gov.bd/enroll,6,0,0
1650136358364,16,Registration,200,OK,User 1-15,text,true,,7202,246,17,17,https://surokkha.gov.bd/enroll,9,0,5
1650136358364,9,Registration-0,302,Found,User 1-15,,true,,127,123,17,17,http://surokkha.gov.bd/enroll,9,0,5
1650136358373,7,Registration-1,200,OK,User 1-15,text,true,,7075,123,17,17,https://surokkha.gov.bd/enroll,7,0,0
1650136358366,15,Registration,200,OK,User 1-1,text,true,,7202,246,17,17,https://surokkha.gov.bd/enroll,9,0,3
1650136358366,9,Registration-0,302,Found,User 1-1,,true,,127,123,17,17,http://surokkha.gov.bd/enroll,9,0,3
1650136358375,6,Registration-1,200,OK,User 1-1,text,true,,7075,123,17,17,https://surokkha.gov.bd/enroll,6,0,0
1650136358365,19,Registration,200,OK,User 1-11,text,true,,7202,246,17,17,https://surokkha.gov.bd/enroll,10,0,4
1650136358365,10,Registration-0,302,Found,User 1-11,,true,,127,123,17,17,http://surokkha.gov.bd/enroll,10,0,4
1650136358376,8,Registration-1,200,OK,User 1-11,text,true,,7075,123,17,17,https://surokkha.gov.bd/enroll,8,0,0
1650136358369,16,Registration,200,OK,User 1-3,text,true,,7202,246,17,17,https://surokkha.gov.bd/enroll,8,0,3
1650136358369,8,Registration-0,302,Found,User 1-3,,true,,127,123,17,17,http://surokkha.gov.bd/enroll,8,0,3
1650136358377,8,Registration-1,200,OK,User 1-3,text,true,,7075,123,17,17,https://surokkha.gov.bd/enroll,8,0,0
1650136358368,20,Registration,200,OK,User 1-10,text,true,,7202,246,17,17,https://surokkha.gov.bd/enroll,10,0,3
1650136358368,10,Registration-0,302,Found,User 1-10,,true,,127,123,17,17,http://surokkha.gov.bd/enroll,10,0,3
1650136358379,9,Registration-1,200,OK,User 1-10,text,true,,7075,123,17,17,https://surokkha.gov.bd/enroll,9,0,0
1650136358374,17,Registration,200,OK,User 1-8,text,true,,7202,246,17,17,https://surokkha.gov.bd/enroll,12,0,4
1650136358374,12,Registration-0,302,Found,User 1-8,,true,,127,123,17,17,http://surokkha.gov.bd/enroll,12,0,4
1650136358386,5,Registration-1,200,OK,User 1-8,text,true,,7075,123,17,17,https://surokkha.gov.bd/enroll,5,0,0
1650136358370,22,Registration,200,OK,User 1-2,text,true,,7202,246,17,17,https://surokkha.gov.bd/enroll,13,0,4
1650136358370,13,Registration-0,302,Found,User 1-2,,true,,127,123,17,17,http://surokkha.gov.bd/enroll,13,0,4
1650136358384,8,Registration-1,200,OK,User 1-2,text,true,,7075,123,17,17,https://surokkha.gov.bd/enroll,8,0,0
1650136358374,21,Registration,200,OK,User 1-6,text,true,,7202,246,17,17,https://surokkha.gov.bd/enroll,14,0,5
1650136358374,14,Registration-0,302,Found,User 1-6,,true,,127,123,17,17,http://surokkha.gov.bd/enroll,14,0,5
1650136358388,7,Registration-1,200,OK,User 1-6,text,true,,7075,123,17,17,https://surokkha.gov.bd/enroll,7,0,0
1650136358378,18,Home,200,OK,User 1-7,text,true,,7196,234,17,17,https://surokkha.gov.bd/,13,0,7
1650136358378,13,Home-0,302,Found,User 1-7,,true,,121,117,17,17,http://surokkha.gov.bd/,13,0,7
1650136358391,5,Home-1,200,OK,User 1-7,text,true,,7075,117,17,17,https://surokkha.gov.bd/,5,0,0
1650136358382,16,Home,200,OK,User 1-1,text,true,,7196,234,17,17,https://surokkha.gov.bd/,12,0,7
1650136358382,12,Home-0,302,Found,User 1-1,,true,,121,117,17,17,http://surokkha.gov.bd/,12,0,7
1650136358394,4,Home-1,200,OK,User 1-1,text,true,,7075,117,17,17,https://surokkha.gov.bd/,4,0,0
1650136358384,17,Home,200,OK,User 1-11,text,true,,7196,234,17,17,https://surokkha.gov.bd/,13,0,6
1650136358384,13,Home-0,302,Found,User 1-11,,true,,121,117,17,17,http://surokkha.gov.bd/,13,0,6
1650136358397,4,Home-1,200,OK,User 1-11,text,true,,7075,117,17,17,https://surokkha.gov.bd/,4,0,0
1650136358343,62,Certificate,200,OK,User 1-13,text,true,,7207,256,17,17,https://surokkha.gov.bd/certificate,11,0,5
1650136358343,11,Certificate-0,302,Found,User 1-13,,true,,132,128,17,17,http://surokkha.gov.bd/certificate,11,0,5
1650136358354,51,Certificate-1,200,OK,User 1-13,text,true,,7075,128,17,17,https://surokkha.gov.bd/certificate,51,0,0
1650136358393,13,Home,200,OK,User 1-2,text,true,,7196,234,17,17,https://surokkha.gov.bd/,9,0,4
1650136358393,9,Home-0,302,Found,User 1-2,,true,,121,117,17,17,http://surokkha.gov.bd/,9,0,4
1650136358402,4,Home-1,200,OK,User 1-2,text,true,,7075,117,17,17,https://surokkha.gov.bd/,4,0,0
1650136358392,15,Home,200,OK,User 1-8,text,true,,7196,234,17,17,https://surokkha.gov.bd/,11,0,5
1650136358392,11,Home-0,302,Found,User 1-8,,true,,121,117,17,17,http://surokkha.gov.bd/,11,0,5
1650136358403,4,Home-1,200,OK,User 1-8,text,true,,7075,117,17,17,https://surokkha.gov.bd/,4,0,0
1650136358386,22,Home,200,OK,User 1-3,text,true,,7196,234,17,17,https://surokkha.gov.bd/,17,0,4
1650136358386,17,Home-0,302,Found,User 1-3,,true,,121,117,17,17,http://surokkha.gov.bd/,17,0,4
1650136358403,5,Home-1,200,OK,User 1-3,text,true,,7075,117,17,17,https://surokkha.gov.bd/,5,0,0
1650136358395,14,Home,200,OK,User 1-6,text,true,,7196,234,17,17,https://surokkha.gov.bd/,9,0,5
1650136358395,9,Home-0,302,Found,User 1-6,,true,,121,117,17,17,http://surokkha.gov.bd/,9,0,5
1650136358404,5,Home-1,200,OK,User 1-6,text,true,,7075,117,17,17,https://surokkha.gov.bd/,5,0,0
1650136358396,15,Certificate,200,OK,User 1-7,text,true,,7207,256,17,17,https://surokkha.gov.bd/certificate,9,0,4
1650136358381,30,Home,200,OK,User 1-15,text,true,,7196,234,17,17,https://surokkha.gov.bd/,14,0,8
1650136358381,14,Home-0,302,Found,User 1-15,,true,,121,117,17,17,http://surokkha.gov.bd/,14,0,8
1650136358395,16,Home-1,200,OK,User 1-15,text,true,,7075,117,17,17,https://surokkha.gov.bd/,16,0,0
1650136358389,24,Home,200,OK,User 1-10,text,true,,7196,234,17,17,https://surokkha.gov.bd/,20,0,4
1650136358389,20,Home-0,302,Found,User 1-10,,true,,121,117,17,17,http://surokkha.gov.bd/,20,0,4
1650136358409,4,Home-1,200,OK,User 1-10,text,true,,7075,117,17,17,https://surokkha.gov.bd/,4,0,0
1650136358399,16,Certificate,200,OK,User 1-1,text,true,,7207,256,17,17,https://surokkha.gov.bd/certificate,9,0,3
1650136358399,9,Certificate-0,302,Found,User 1-1,,true,,132,128,17,17,http://surokkha.gov.bd/certificate,9,0,3
1650136358408,7,Certificate-1,200,OK,User 1-1,text,true,,7075,128,17,17,https://surokkha.gov.bd/certificate,6,0,0
1650136358402,15,Certificate,200,OK,User 1-11,text,true,,7207,256,17,17,https://surokkha.gov.bd/certificate,9,0,2
1650136358402,9,Certificate-0,302,Found,User 1-11,,true,,132,128,17,17,http://surokkha.gov.bd/certificate,9,0,2
1650136358411,6,Certificate-1,200,OK,User 1-11,text,true,,7075,128,17,17,https://surokkha.gov.bd/certificate,6,0,0
1650136357443,980,Certificate,200,OK,User 1-4,text,true,,7207,256,17,17,https://surokkha.gov.bd/certificate,32,0,21
1650136357443,36,Certificate-0,302,Found,User 1-4,,true,,132,128,17,17,http://surokkha.gov.bd/certificate,32,0,21
1650136357482,941,Certificate-1,200,OK,User 1-4,text,true,,7075,128,17,17,https://surokkha.gov.bd/certificate,941,0,932
1650136358408,17,Certificate,200,OK,User 1-3,text,true,,7207,256,17,17,https://surokkha.gov.bd/certificate,9,0,3
1650136358408,9,Certificate-0,302,Found,User 1-3,,true,,132,128,17,17,http://surokkha.gov.bd/certificate,9,0,3
1650136358417,8,Certificate-1,200,OK,User 1-3,text,true,,7075,128,17,17,https://surokkha.gov.bd/certificate,8,0,0
1650136358408,19,Certificate,200,OK,User 1-8,text,true,,7207,256,17,17,https://surokkha.gov.bd/certificate,10,0,2
1650136358408,10,Certificate-0,302,Found,User 1-8,,true,,132,128,17,17,http://surokkha.gov.bd/certificate,10,0,2
1650136358418,9,Certificate-1,200,OK,User 1-8,text,true,,7075,128,17,17,https://surokkha.gov.bd/certificate,9,0,0
1650136358412,19,Certificate,200,OK,User 1-15,text,true,,7207,256,17,17,https://surokkha.gov.bd/certificate,10,0,4
1650136358412,10,Certificate-0,302,Found,User 1-15,,true,,132,128,17,17,http://surokkha.gov.bd/certificate,10,0,4
1650136358423,8,Certificate-1,200,OK,User 1-15,text,true,,7075,128,17,17,https://surokkha.gov.bd/certificate,7,0,0
1650136358406,26,Registration,200,OK,User 1-13,text,true,,7202,246,17,17,https://surokkha.gov.bd/enroll,14,0,6
1650136358406,14,Registration-0,302,Found,User 1-13,,true,,127,123,17,17,http://surokkha.gov.bd/enroll,14,0,6
1650136358420,12,Registration-1,200,OK,User 1-13,text,true,,7075,123,17,17,https://surokkha.gov.bd/enroll,12,0,0
1650136358410,27,Certificate,200,OK,User 1-6,text,true,,7207,256,17,17,https://surokkha.gov.bd/certificate,16,0,6
1650136358410,16,Certificate-0,302,Found,User 1-6,,true,,132,128,17,17,http://surokkha.gov.bd/certificate,16,0,6
1650136358426,11,Certificate-1,200,OK,User 1-6,text,true,,7075,128,17,17,https://surokkha.gov.bd/certificate,11,0,0
1650136358415,23,Certificate,200,OK,User 1-10,text,true,,7207,256,17,17,https://surokkha.gov.bd/certificate,12,0,5
1650136358415,12,Certificate-0,302,Found,User 1-10,,true,,132,128,17,17,http://surokkha.gov.bd/certificate,12,0,5
1650136358427,11,Certificate-1,200,OK,User 1-10,text,true,,7075,128,17,17,https://surokkha.gov.bd/certificate,11,0,0
1650136358415,23,Registration,200,OK,User 1-1,text,true,,7202,246,17,17,https://surokkha.gov.bd/enroll,13,0,5
1650136358415,13,Registration-0,302,Found,User 1-1,,true,,127,123,17,17,http://surokkha.gov.bd/enroll,13,0,5
1650136358428,10,Registration-1,200,OK,User 1-1,text,true,,7075,123,17,17,https://surokkha.gov.bd/enroll,10,0,0
1650136358396,9,Certificate-0,302,Found,User 1-7,,true,,132,128,17,17,http://surokkha.gov.bd/certificate,9,0,4
1650136358405,6,Certificate-1,200,OK,User 1-7,text,true,,7075,128,17,17,https://surokkha.gov.bd/certificate,6,0,0
1650136358100,183,Certificate,200,OK,User 1-17,text,true,,7207,256,17,17,https://surokkha.gov.bd/certificate,8,0,2
1650136358100,8,Certificate-0,302,Found,User 1-17,,true,,132,128,17,17,http://surokkha.gov.bd/certificate,8,0,2
1650136358109,174,Certificate-1,200,OK,User 1-17,text,true,,7075,128,17,17,https://surokkha.gov.bd/certificate,173,0,152
1650136357843,601,Certificate,200,OK,User 1-12,text,true,,7207,256,17,17,https://surokkha.gov.bd/certificate,8,0,2
1650136357843,8,Certificate-0,302,Found,User 1-12,,true,,132,128,17,17,http://surokkha.gov.bd/certificate,8,0,2
1650136358418,27,Registration,200,OK,User 1-11,text,true,,7202,246,17,17,https://surokkha.gov.bd/enroll,18,0,6
1650136358418,18,Registration-0,302,Found,User 1-11,,true,,127,123,17,17,http://surokkha.gov.bd/enroll,18,0,6
1650136358436,9,Registration-1,200,OK,User 1-11,text,true,,7075,123,17,17,https://surokkha.gov.bd/enroll,9,0,0
1650136357852,592,Certificate-1,200,OK,User 1-12,text,true,,7075,128,17,17,https://surokkha.gov.bd/certificate,591,0,426
1650136358425,21,Registration,200,OK,User 1-3,text,true,,7202,246,17,17,https://surokkha.gov.bd/enroll,14,0,10
1650136358425,14,Registration-0,302,Found,User 1-3,,true,,127,123,17,17,http://surokkha.gov.bd/enroll,14,0,10
1650136358440,6,Registration-1,200,OK,User 1-3,text,true,,7075,123,17,17,https://surokkha.gov.bd/enroll,6,0,0
1650136358425,22,Registration,200,OK,User 1-4,text,true,,7202,246,17,17,https://surokkha.gov.bd/enroll,15,0,10
1650136358425,15,Registration-0,302,Found,User 1-4,,true,,127,123,17,17,http://surokkha.gov.bd/enroll,15,0,10
1650136358440,7,Registration-1,200,OK,User 1-4,text,true,,7075,123,17,17,https://surokkha.gov.bd/enroll,7,0,0
1650136358428,21,Registration,200,OK,User 1-8,text,true,,7202,246,17,17,https://surokkha.gov.bd/enroll,16,0,9
1650136358428,16,Registration-0,302,Found,User 1-8,,true,,127,123,17,17,http://surokkha.gov.bd/enroll,16,0,9
1650136358444,5,Registration-1,200,OK,User 1-8,text,true,,7075,123,17,17,https://surokkha.gov.bd/enroll,5,0,0
1650136357495,959,Certificate,200,OK,User 1-5,text,true,,7207,256,17,17,https://surokkha.gov.bd/certificate,8,0,4
1650136357495,8,Certificate-0,302,Found,User 1-5,,true,,132,128,17,17,http://surokkha.gov.bd/certificate,8,0,4
1650136357503,951,Certificate-1,200,OK,User 1-5,text,true,,7075,128,17,17,https://surokkha.gov.bd/certificate,951,0,943
1650136357694,761,Certificate,200,OK,User 1-9,text,true,,7207,256,17,17,https://surokkha.gov.bd/certificate,18,0,13
1650136357694,18,Certificate-0,302,Found,User 1-9,,true,,132,128,17,17,http://surokkha.gov.bd/certificate,18,0,13
1650136357713,742,Certificate-1,200,OK,User 1-9,text,true,,7075,128,17,17,https://surokkha.gov.bd/certificate,742,0,732
1650136358433,22,Home,200,OK,User 1-13,text,true,,7196,234,17,17,https://surokkha.gov.bd/,17,0,6
1650136358433,17,Home-0,302,Found,User 1-13,,true,,121,117,17,17,http://surokkha.gov.bd/,17,0,6
1650136358450,5,Home-1,200,OK,User 1-13,text,true,,7075,117,17,17,https://surokkha.gov.bd/,4,0,0
1650136357941,517,Certificate,200,OK,User 1-14,text,true,,7207,256,17,17,https://surokkha.gov.bd/certificate,9,0,2
1650136357941,9,Certificate-0,302,Found,User 1-14,,true,,132,128,17,17,http://surokkha.gov.bd/certificate,9,0,2
1650136357950,508,Certificate-1,200,OK,User 1-14,text,true,,7075,128,17,17,https://surokkha.gov.bd/certificate,507,0,500
1650136358432,28,Registration,200,OK,User 1-15,text,true,,7202,246,17,17,https://surokkha.gov.bd/enroll,19,0,7
1650136358432,19,Registration-0,302,Found,User 1-15,,true,,127,123,17,17,http://surokkha.gov.bd/enroll,19,0,7
1650136358451,9,Registration-1,200,OK,User 1-15,text,true,,7075,123,17,17,https://surokkha.gov.bd/enroll,9,0,0
1650136358043,418,Certificate,200,OK,User 1-16,text,true,,7207,256,17,17,https://surokkha.gov.bd/certificate,8,0,2
1650136358043,8,Certificate-0,302,Found,User 1-16,,true,,132,128,17,17,http://surokkha.gov.bd/certificate,8,0,2
1650136358052,409,Certificate-1,200,OK,User 1-16,text,true,,7075,128,17,17,https://surokkha.gov.bd/certificate,409,0,400
1650136358439,23,Registration,200,OK,User 1-10,text,true,,7202,246,17,17,https://surokkha.gov.bd/enroll,13,0,5
1650136358439,13,Registration-0,302,Found,User 1-10,,true,,127,123,17,17,http://surokkha.gov.bd/enroll,13,0,5
1650136358452,10,Registration-1,200,OK,User 1-10,text,true,,7075,123,17,17,https://surokkha.gov.bd/enroll,9,0,0
1650136358447,18,Home,200,OK,User 1-3,text,true,,7196,234,17,17,https://surokkha.gov.bd/,10,0,2
1650136358444,21,Registration,200,OK,User 1-17,text,true,,7202,246,17,17,https://surokkha.gov.bd/enroll,14,0,3
1650136358448,17,Home,200,OK,User 1-4,text,true,,7196,234,17,17,https://surokkha.gov.bd/,10,0,4
1650136358447,10,Home-0,302,Found,User 1-3,,true,,121,117,17,17,http://surokkha.gov.bd/,10,0,2
1650136358444,14,Registration-0,302,Found,User 1-17,,true,,127,123,17,17,http://surokkha.gov.bd/enroll,14,0,3
1650136358448,10,Home-0,302,Found,User 1-4,,true,,121,117,17,17,http://surokkha.gov.bd/,10,0,4
1650136358458,7,Home-1,200,OK,User 1-3,text,true,,7075,117,17,17,https://surokkha.gov.bd/,7,0,0
1650136358459,6,Home-1,200,OK,User 1-4,text,true,,7075,117,17,17,https://surokkha.gov.bd/,6,0,0
1650136358458,7,Registration-1,200,OK,User 1-17,text,true,,7075,123,17,17,https://surokkha.gov.bd/enroll,7,0,0
1650136358441,29,Registration,200,OK,User 1-7,text,true,,7202,246,17,17,https://surokkha.gov.bd/enroll,23,0,4
1650136358441,23,Registration-0,302,Found,User 1-7,,true,,127,123,17,17,http://surokkha.gov.bd/enroll,23,0,4
1650136358464,6,Registration-1,200,OK,User 1-7,text,true,,7075,123,17,17,https://surokkha.gov.bd/enroll,6,0,0
1650136358446,26,Home,200,OK,User 1-11,text,true,,7196,234,17,17,https://surokkha.gov.bd/,20,0,3
1650136358446,20,Home-0,302,Found,User 1-11,,true,,121,117,17,17,http://surokkha.gov.bd/,20,0,3
1650136358467,5,Home-1,200,OK,User 1-11,text,true,,7075,117,17,17,https://surokkha.gov.bd/,5,0,0
1650136358450,25,Home,200,OK,User 1-8,text,true,,7196,234,17,17,https://surokkha.gov.bd/,14,0,2
1650136358450,14,Home-0,302,Found,User 1-8,,true,,121,117,17,17,http://surokkha.gov.bd/,14,0,2
1650136358464,11,Home-1,200,OK,User 1-8,text,true,,7075,117,17,17,https://surokkha.gov.bd/,10,0,0
1650136358407,73,Certificate,200,OK,User 1-2,text,true,,7207,256,17,17,https://surokkha.gov.bd/certificate,61,0,36
1650136358407,61,Certificate-0,302,Found,User 1-2,,true,,132,128,17,17,http://surokkha.gov.bd/certificate,61,0,36
1650136358468,12,Certificate-1,200,OK,User 1-2,text,true,,7075,128,17,17,https://surokkha.gov.bd/certificate,12,0,0
1650136358447,34,Registration,200,OK,User 1-12,text,true,,7202,246,17,17,https://surokkha.gov.bd/enroll,20,0,4
1650136358447,20,Registration-0,302,Found,User 1-12,,true,,127,123,17,17,http://surokkha.gov.bd/enroll,20,0,4
1650136358467,14,Registration-1,200,OK,User 1-12,text,true,,7075,123,17,17,https://surokkha.gov.bd/enroll,14,0,0
1650136358456,28,Registration,200,OK,User 1-9,text,true,,7202,246,17,17,https://surokkha.gov.bd/enroll,11,0,7
1650136358438,46,Registration,200,OK,User 1-6,text,true,,7202,246,17,17,https://surokkha.gov.bd/enroll,34,0,5
1650136358438,34,Registration-0,302,Found,User 1-6,,true,,127,123,17,17,http://surokkha.gov.bd/enroll,34,0,5
1650136358472,12,Registration-1,200,OK,User 1-6,text,true,,7075,123,17,17,https://surokkha.gov.bd/enroll,12,0,0
1650136358461,24,Home,200,OK,User 1-15,text,true,,7196,234,17,17,https://surokkha.gov.bd/,15,0,6
1650136358461,15,Home-0,302,Found,User 1-15,,true,,121,117,17,17,http://surokkha.gov.bd/,15,0,6
1650136358476,9,Home-1,200,OK,User 1-15,text,true,,7075,117,17,17,https://surokkha.gov.bd/,8,0,0
1650136358458,27,Registration,200,OK,User 1-14,text,true,,7202,246,17,17,https://surokkha.gov.bd/enroll,20,0,6
1650136358458,20,Registration-0,302,Found,User 1-14,,true,,127,123,17,17,http://surokkha.gov.bd/enroll,20,0,6
1650136358478,7,Registration-1,200,OK,User 1-14,text,true,,7075,123,17,17,https://surokkha.gov.bd/enroll,7,0,0
1650136358462,29,Home,200,OK,User 1-10,text,true,,7196,234,17,17,https://surokkha.gov.bd/,16,0,5
1650136358462,16,Home-0,302,Found,User 1-10,,true,,121,117,17,17,http://surokkha.gov.bd/,16,0,5
1650136358478,13,Home-1,200,OK,User 1-10,text,true,,7075,117,17,17,https://surokkha.gov.bd/,13,0,0
1650136358456,11,Registration-0,302,Found,User 1-9,,true,,127,123,17,17,http://surokkha.gov.bd/enroll,11,0,7
1650136358467,17,Registration-1,200,OK,User 1-9,text,true,,7075,123,17,17,https://surokkha.gov.bd/enroll,17,0,0
1650136358471,25,Home,200,OK,User 1-7,text,true,,7196,234,17,17,https://surokkha.gov.bd/,18,0,12
1650136358471,18,Home-0,302,Found,User 1-7,,true,,121,117,17,17,http://surokkha.gov.bd/,18,0,12
1650136358489,7,Home-1,200,OK,User 1-7,text,true,,7075,117,17,17,https://surokkha.gov.bd/,7,0,0
1650136358461,36,Registration,200,OK,User 1-16,text,true,,7202,246,17,17,https://surokkha.gov.bd/enroll,12,0,5
1650136358461,12,Registration-0,302,Found,User 1-16,,true,,127,123,17,17,http://surokkha.gov.bd/enroll,12,0,5
1650136358474,23,Registration-1,200,OK,User 1-16,text,true,,7075,123,17,17,https://surokkha.gov.bd/enroll,23,0,0
1650136358481,19,Registration,200,OK,User 1-2,text,true,,7202,246,17,17,https://surokkha.gov.bd/enroll,13,0,5
1650136358481,13,Registration-0,302,Found,User 1-2,,true,,127,123,17,17,http://surokkha.gov.bd/enroll,13,0,5
1650136358494,6,Registration-1,200,OK,User 1-2,text,true,,7075,123,17,17,https://surokkha.gov.bd/enroll,6,0,0
1650136358482,19,Home,200,OK,User 1-12,text,true,,7196,234,17,17,https://surokkha.gov.bd/,13,0,5
1650136358482,13,Home-0,302,Found,User 1-12,,true,,121,117,17,17,http://surokkha.gov.bd/,13,0,5
1650136358495,6,Home-1,200,OK,User 1-12,text,true,,7075,117,17,17,https://surokkha.gov.bd/,6,0,0
1650136358486,18,Home,200,OK,User 1-14,text,true,,7196,234,17,17,https://surokkha.gov.bd/,13,0,7
1650136358486,13,Home-0,302,Found,User 1-14,,true,,121,117,17,17,http://surokkha.gov.bd/,13,0,7
1650136358499,5,Home-1,200,OK,User 1-14,text,true,,7075,117,17,17,https://surokkha.gov.bd/,5,0,0
1650136358476,30,Certificate,200,OK,User 1-8,text,true,,7207,256,17,17,https://surokkha.gov.bd/certificate,24,0,8
1650136358476,24,Certificate-0,302,Found,User 1-8,,true,,132,128,17,17,http://surokkha.gov.bd/certificate,24,0,8
1650136358500,6,Certificate-1,200,OK,User 1-8,text,true,,7075,128,17,17,https://surokkha.gov.bd/certificate,6,0,0
1650136358485,22,Certificate,200,OK,User 1-15,text,true,,7207,256,17,17,https://surokkha.gov.bd/certificate,13,0,8
1650136358485,13,Certificate-0,302,Found,User 1-15,,true,,132,128,17,17,http://surokkha.gov.bd/certificate,13,0,8
1650136358498,9,Certificate-1,200,OK,User 1-15,text,true,,7075,128,17,17,https://surokkha.gov.bd/certificate,8,0,0
1650136358466,42,Home,200,OK,User 1-17,text,true,,7196,234,17,17,https://surokkha.gov.bd/,36,0,5
1650136358466,36,Home-0,302,Found,User 1-17,,true,,121,117,17,17,http://surokkha.gov.bd/,36,0,5
1650136358502,6,Home-1,200,OK,User 1-17,text,true,,7075,117,17,17,https://surokkha.gov.bd/,6,0,0
1650136358492,19,Certificate,200,OK,User 1-10,text,true,,7207,256,17,17,https://surokkha.gov.bd/certificate,10,0,5
1650136358492,10,Certificate-0,302,Found,User 1-10,,true,,132,128,17,17,http://surokkha.gov.bd/certificate,10,0,5
1650136358502,9,Certificate-1,200,OK,User 1-10,text,true,,7075,128,17,17,https://surokkha.gov.bd/certificate,9,0,0
1650136358466,47,Certificate,200,OK,User 1-4,text,true,,7207,256,17,17,https://surokkha.gov.bd/certificate,37,0,5
1650136358473,49,Certificate,200,OK,User 1-11,text,true,,7207,256,17,17,https://surokkha.gov.bd/certificate,32,0,11
1650136358504,22,Certificate,200,OK,User 1-14,text,true,,7207,256,17,17,https://surokkha.gov.bd/certificate,16,0,6
1650136358473,32,Certificate-0,302,Found,User 1-11,,true,,132,128,17,17,http://surokkha.gov.bd/certificate,32,0,11
1650136358504,16,Certificate-0,302,Found,User 1-14,,true,,132,128,17,17,http://surokkha.gov.bd/certificate,16,0,6
1650136358506,16,Certificate-1,200,OK,User 1-11,text,true,,7075,128,17,17,https://surokkha.gov.bd/certificate,7,0,0
1650136358520,6,Certificate-1,200,OK,User 1-14,text,true,,7075,128,17,17,https://surokkha.gov.bd/certificate,6,0,0
1650136358511,18,Registration,200,OK,User 1-10,text,true,,7202,246,18,18,https://surokkha.gov.bd/enroll,12,0,8
1650136358511,12,Registration-0,302,Found,User 1-10,,true,,127,123,18,18,http://surokkha.gov.bd/enroll,12,0,8
1650136358523,6,Registration-1,200,OK,User 1-10,text,true,,7075,123,18,18,https://surokkha.gov.bd/enroll,6,0,0
1650136358455,28,Registration,200,OK,User 1-5,text,true,,7202,246,17,17,https://surokkha.gov.bd/enroll,13,0,8
1650136358506,19,Registration,200,OK,User 1-8,text,true,,7202,246,17,17,https://surokkha.gov.bd/enroll,14,0,7
1650136358498,26,Home,200,OK,User 1-16,text,true,,7196,234,17,17,https://surokkha.gov.bd/,13,0,5
1650136358506,14,Registration-0,302,Found,User 1-8,,true,,127,123,17,17,http://surokkha.gov.bd/enroll,14,0,7
1650136358498,13,Home-0,302,Found,User 1-16,,true,,121,117,17,17,http://surokkha.gov.bd/,13,0,5
1650136358520,5,Registration-1,200,OK,User 1-8,text,true,,7075,123,17,17,https://surokkha.gov.bd/enroll,5,0,0
1650136358511,13,Home-1,200,OK,User 1-16,text,true,,7075,117,17,17,https://surokkha.gov.bd/,9,0,0
1650136358455,13,Registration-0,302,Found,User 1-5,,true,,127,123,17,17,http://surokkha.gov.bd/enroll,13,0,8
1650136358468,15,Registration-1,200,OK,User 1-5,text,true,,7075,123,17,17,https://surokkha.gov.bd/enroll,15,0,0
1650136358457,66,Certificate,200,OK,User 1-13,text,true,,7207,256,17,17,https://surokkha.gov.bd/certificate,11,0,7
1650136358497,23,Certificate,200,OK,User 1-7,text,true,,7207,256,17,17,https://surokkha.gov.bd/certificate,12,0,5
1650136358497,12,Certificate-0,302,Found,User 1-7,,true,,132,128,17,17,http://surokkha.gov.bd/certificate,12,0,5
1650136358509,11,Certificate-1,200,OK,User 1-7,text,true,,7075,128,17,17,https://surokkha.gov.bd/certificate,11,0,0
1650136358507,21,Registration,200,OK,User 1-15,text,true,,7202,246,17,17,https://surokkha.gov.bd/enroll,13,0,5
1650136358507,13,Registration-0,302,Found,User 1-15,,true,,127,123,17,17,http://surokkha.gov.bd/enroll,13,0,5
1650136358521,7,Registration-1,200,OK,User 1-15,text,true,,7075,123,17,17,https://surokkha.gov.bd/enroll,6,0,0
1650136358496,35,Home,200,OK,User 1-9,text,true,,7196,234,19,19,https://surokkha.gov.bd/,14,0,6
1650136358496,14,Home-0,302,Found,User 1-9,,true,,121,117,19,19,http://surokkha.gov.bd/,14,0,6
1650136358510,21,Home-1,200,OK,User 1-9,text,true,,7075,117,19,19,https://surokkha.gov.bd/,16,0,0
1650136358466,37,Certificate-0,302,Found,User 1-4,,true,,132,128,17,17,http://surokkha.gov.bd/certificate,37,0,5
1650136358504,9,Certificate-1,200,OK,User 1-4,text,true,,7075,128,17,17,https://surokkha.gov.bd/certificate,8,0,0
1650136358457,11,Certificate-0,302,Found,User 1-13,,true,,132,128,17,17,http://surokkha.gov.bd/certificate,11,0,7
1650136358469,54,Certificate-1,200,OK,User 1-13,text,true,,7075,128,17,17,https://surokkha.gov.bd/certificate,54,0,0
1650136358439,90,Home,200,OK,User 1-1,text,true,,7196,234,19,19,https://surokkha.gov.bd/,17,0,4
1650136358488,44,Home,200,OK,User 1-6,text,true,,7196,234,19,19,https://surokkha.gov.bd/,36,0,7
1650136358439,17,Home-0,302,Found,User 1-1,,true,,121,117,19,19,http://surokkha.gov.bd/,17,0,4
1650136358488,36,Home-0,302,Found,User 1-6,,true,,121,117,19,19,http://surokkha.gov.bd/,36,0,7
1650136358456,73,Home-1,200,OK,User 1-1,text,true,,7075,117,19,19,https://surokkha.gov.bd/,73,0,0
1650136358524,8,Home-1,200,OK,User 1-6,text,true,,7075,117,19,19,https://surokkha.gov.bd/,4,0,0
1650136358501,33,Home,200,OK,User 1-2,text,true,,7196,234,19,19,https://surokkha.gov.bd/,21,0,5
1650136358501,21,Home-0,302,Found,User 1-2,,true,,121,117,19,19,http://surokkha.gov.bd/,21,0,5
1650136358529,5,Home-1,200,OK,User 1-2,text,true,,7075,117,19,19,https://surokkha.gov.bd/,5,0,0
1650136358466,88,Certificate,200,OK,User 1-3,text,true,,7207,256,19,19,https://surokkha.gov.bd/certificate,71,0,60
1650136358466,71,Certificate-0,302,Found,User 1-3,,true,,132,128,19,19,http://surokkha.gov.bd/certificate,71,0,60
1650136358537,17,Certificate-1,200,OK,User 1-3,text,true,,7075,128,19,19,https://surokkha.gov.bd/certificate,17,0,0
1650136358529,28,Home,200,OK,User 1-10,text,true,,7196,234,19,19,https://surokkha.gov.bd/,10,0,2
1650136358529,10,Home-0,302,Found,User 1-10,,true,,121,117,19,19,http://surokkha.gov.bd/,10,0,2
1650136358539,18,Home-1,200,OK,User 1-10,text,true,,7075,117,19,19,https://surokkha.gov.bd/,18,0,0
1650136358509,50,Certificate,200,OK,User 1-17,text,true,,7207,256,19,19,https://surokkha.gov.bd/certificate,28,0,17
1650136358509,28,Certificate-0,302,Found,User 1-17,,true,,132,128,19,19,http://surokkha.gov.bd/certificate,28,0,17
1650136358537,22,Certificate-1,200,OK,User 1-17,text,true,,7075,128,19,19,https://surokkha.gov.bd/certificate,22,0,0
1650136358530,31,Home,200,OK,User 1-5,text,true,,7196,234,19,19,https://surokkha.gov.bd/,10,0,4
1650136358530,10,Home-0,302,Found,User 1-5,,true,,121,117,19,19,http://surokkha.gov.bd/,10,0,4
1650136358540,21,Home-1,200,OK,User 1-5,text,true,,7075,117,19,19,https://surokkha.gov.bd/,21,0,0
1650136358530,35,Home,200,OK,User 1-8,text,true,,7196,234,19,19,https://surokkha.gov.bd/,11,0,5
1650136358530,11,Home-0,302,Found,User 1-8,,true,,121,117,19,19,http://surokkha.gov.bd/,11,0,5
1650136358541,24,Home-1,200,OK,User 1-8,text,true,,7075,117,19,19,https://surokkha.gov.bd/,23,0,0
1650136358502,64,Certificate,200,OK,User 1-12,text,true,,7207,256,19,19,https://surokkha.gov.bd/certificate,38,0,29
1650136358502,38,Certificate-0,302,Found,User 1-12,,true,,132,128,19,19,http://surokkha.gov.bd/certificate,38,0,29
1650136358540,26,Certificate-1,200,OK,User 1-12,text,true,,7075,128,19,19,https://surokkha.gov.bd/certificate,26,0,0
1650136358531,37,Registration,200,OK,User 1-7,text,true,,7202,246,19,19,https://surokkha.gov.bd/enroll,10,0,5
1650136358531,10,Registration-0,302,Found,User 1-7,,true,,127,123,19,19,http://surokkha.gov.bd/enroll,10,0,5
1650136358541,27,Registration-1,200,OK,User 1-7,text,true,,7075,123,19,19,https://surokkha.gov.bd/enroll,26,0,0
1650136358531,37,Certificate,200,OK,User 1-9,text,true,,7207,256,19,19,https://surokkha.gov.bd/certificate,11,0,5
1650136358531,11,Certificate-0,302,Found,User 1-9,,true,,132,128,19,19,http://surokkha.gov.bd/certificate,11,0,5
1650136358542,26,Certificate-1,200,OK,User 1-9,text,true,,7075,128,19,19,https://surokkha.gov.bd/certificate,26,0,0
1650136358530,39,Certificate,200,OK,User 1-16,text,true,,7207,256,19,19,https://surokkha.gov.bd/certificate,13,0,6
1650136358530,13,Certificate-0,302,Found,User 1-16,,true,,132,128,19,19,http://surokkha.gov.bd/certificate,13,0,6
1650136358543,26,Certificate-1,200,OK,User 1-16,text,true,,7075,128,19,19,https://surokkha.gov.bd/certificate,26,0,0
1650136358531,38,Home,200,OK,User 1-15,text,true,,7196,234,19,19,https://surokkha.gov.bd/,12,0,5
1650136358531,12,Home-0,302,Found,User 1-15,,true,,121,117,19,19,http://surokkha.gov.bd/,12,0,5
1650136358544,25,Home-1,200,OK,User 1-15,text,true,,7075,117,19,19,https://surokkha.gov.bd/,25,0,0
1650136358528,42,Registration,200,OK,User 1-14,text,true,,7202,246,19,19,https://surokkha.gov.bd/enroll,20,0,8
1650136358528,20,Registration-0,302,Found,User 1-14,,true,,127,123,19,19,http://surokkha.gov.bd/enroll,20,0,8
1650136358548,22,Registration-1,200,OK,User 1-14,text,true,,7075,123,19,19,https://surokkha.gov.bd/enroll,22,0,0
1650136358533,38,Certificate,200,OK,User 1-6,text,true,,7207,256,19,19,https://surokkha.gov.bd/certificate,16,0,4
1650136358533,16,Certificate-0,302,Found,User 1-6,,true,,132,128,19,19,http://surokkha.gov.bd/certificate,16,0,4
1650136358550,21,Certificate-1,200,OK,User 1-6,text,true,,7075,128,19,19,https://surokkha.gov.bd/certificate,21,0,0
1650136358532,40,Registration,200,OK,User 1-13,text,true,,7202,246,19,19,https://surokkha.gov.bd/enroll,17,0,4
1650136358532,17,Registration-0,302,Found,User 1-13,,true,,127,123,19,19,http://surokkha.gov.bd/enroll,17,0,4
1650136358549,23,Registration-1,200,OK,User 1-13,text,true,,7075,123,19,19,https://surokkha.gov.bd/enroll,22,0,0
1650136358535,38,Certificate,200,OK,User 1-2,text,true,,7207,256,19,19,https://surokkha.gov.bd/certificate,27,0,5
1650136358535,27,Certificate-0,302,Found,User 1-2,,true,,132,128,19,19,http://surokkha.gov.bd/certificate,27,0,5
1650136358563,10,Certificate-1,200,OK,User 1-2,text,true,,7075,128,19,19,https://surokkha.gov.bd/certificate,10,0,0
1650136358532,43,Registration,200,OK,User 1-11,text,true,,7202,246,19,19,https://surokkha.gov.bd/enroll,21,0,4
1650136358532,21,Registration-0,302,Found,User 1-11,,true,,127,123,19,19,http://surokkha.gov.bd/enroll,21,0,4
1650136358553,22,Registration-1,200,OK,User 1-11,text,true,,7075,123,19,19,https://surokkha.gov.bd/enroll,22,0,0
1650136358531,45,Registration,200,OK,User 1-4,text,true,,7202,246,19,19,https://surokkha.gov.bd/enroll,20,0,6
1650136358531,20,Registration-0,302,Found,User 1-4,,true,,127,123,19,19,http://surokkha.gov.bd/enroll,20,0,6
1650136358551,25,Registration-1,200,OK,User 1-4,text,true,,7075,123,19,19,https://surokkha.gov.bd/enroll,25,0,0
1650136358555,31,Registration,200,OK,User 1-3,text,true,,7202,246,19,19,https://surokkha.gov.bd/enroll,23,0,16
1650136358555,23,Registration-0,302,Found,User 1-3,,true,,127,123,19,19,http://surokkha.gov.bd/enroll,23,0,16
1650136358578,8,Registration-1,200,OK,User 1-3,text,true,,7075,123,19,19,https://surokkha.gov.bd/enroll,8,0,0
1650136358565,23,Certificate,200,OK,User 1-8,text,true,,7207,256,19,19,https://surokkha.gov.bd/certificate,15,0,8
1650136358565,15,Certificate-0,302,Found,User 1-8,,true,,132,128,19,19,http://surokkha.gov.bd/certificate,15,0,8
1650136358580,8,Certificate-1,200,OK,User 1-8,text,true,,7075,128,19,19,https://surokkha.gov.bd/certificate,8,0,0
1650136358560,29,Registration,200,OK,User 1-17,text,true,,7202,246,19,19,https://surokkha.gov.bd/enroll,19,0,11
1650136358560,19,Registration-0,302,Found,User 1-17,,true,,127,123,19,19,http://surokkha.gov.bd/enroll,19,0,11
1650136358580,9,Registration-1,200,OK,User 1-17,text,true,,7075,123,19,19,https://surokkha.gov.bd/enroll,9,0,0
1650136358566,25,Registration,200,OK,User 1-12,text,true,,7202,246,19,19,https://surokkha.gov.bd/enroll,16,0,8
1650136358572,22,Home,200,OK,User 1-13,text,true,,7196,234,19,19,https://surokkha.gov.bd/,15,0,7
1650136358566,16,Registration-0,302,Found,User 1-12,,true,,127,123,19,19,http://surokkha.gov.bd/enroll,16,0,8
1650136358582,9,Registration-1,200,OK,User 1-12,text,true,,7075,123,19,19,https://surokkha.gov.bd/enroll,9,0,0
1650136358562,34,Certificate,200,OK,User 1-5,text,true,,7207,256,19,19,https://surokkha.gov.bd/certificate,17,0,9
1650136358562,17,Certificate-0,302,Found,User 1-5,,true,,132,128,19,19,http://surokkha.gov.bd/certificate,17,0,9
1650136358583,13,Certificate-1,200,OK,User 1-5,text,true,,7075,128,19,19,https://surokkha.gov.bd/certificate,9,0,0
1650136358568,30,Home,200,OK,User 1-7,text,true,,7196,234,19,19,https://surokkha.gov.bd/,22,0,13
1650136358568,22,Home-0,302,Found,User 1-7,,true,,121,117,19,19,http://surokkha.gov.bd/,22,0,13
1650136358590,8,Home-1,200,OK,User 1-7,text,true,,7075,117,19,19,https://surokkha.gov.bd/,7,0,0
1650136358574,26,Registration,200,OK,User 1-2,text,true,,7202,246,19,19,https://surokkha.gov.bd/enroll,15,0,7
1650136358574,15,Registration-0,302,Found,User 1-2,,true,,127,123,19,19,http://surokkha.gov.bd/enroll,15,0,7
1650136358589,11,Registration-1,200,OK,User 1-2,text,true,,7075,123,19,19,https://surokkha.gov.bd/enroll,10,0,0
1650136358568,24,Registration,200,OK,User 1-9,text,true,,7202,246,19,19,https://surokkha.gov.bd/enroll,14,0,6
1650136358568,14,Registration-0,302,Found,User 1-9,,true,,127,123,19,19,http://surokkha.gov.bd/enroll,14,0,6
1650136358582,10,Registration-1,200,OK,User 1-9,text,true,,7075,123,19,19,https://surokkha.gov.bd/enroll,10,0,0
1650136358576,27,Home,200,OK,User 1-11,text,true,,7196,234,19,19,https://surokkha.gov.bd/,15,0,7
1650136358576,15,Home-0,302,Found,User 1-11,,true,,121,117,19,19,http://surokkha.gov.bd/,15,0,7
1650136358591,12,Home-1,200,OK,User 1-11,text,true,,7075,117,19,19,https://surokkha.gov.bd/,12,0,0
1650136358576,29,Home,200,OK,User 1-4,text,true,,7196,234,19,19,https://surokkha.gov.bd/,16,0,7
1650136358576,16,Home-0,302,Found,User 1-4,,true,,121,117,19,19,http://surokkha.gov.bd/,16,0,7
1650136358592,13,Home-1,200,OK,User 1-4,text,true,,7075,117,19,19,https://surokkha.gov.bd/,13,0,0
1650136358572,35,Registration,200,OK,User 1-6,text,true,,7202,246,19,19,https://surokkha.gov.bd/enroll,12,0,4
1650136358572,12,Registration-0,302,Found,User 1-6,,true,,127,123,19,19,http://surokkha.gov.bd/enroll,12,0,4
1650136358584,23,Registration-1,200,OK,User 1-6,text,true,,7075,123,19,19,https://surokkha.gov.bd/enroll,22,0,0
1650136358570,41,Home,200,OK,User 1-14,text,true,,7196,234,19,19,https://surokkha.gov.bd/,23,0,15
1650136358570,23,Home-0,302,Found,User 1-14,,true,,121,117,19,19,http://surokkha.gov.bd/,23,0,15
1650136358593,18,Home-1,200,OK,User 1-14,text,true,,7075,117,19,19,https://surokkha.gov.bd/,18,0,0
1650136358569,23,Registration,200,OK,User 1-16,text,true,,7202,246,19,19,https://surokkha.gov.bd/enroll,14,0,5
1650136358569,14,Registration-0,302,Found,User 1-16,,true,,127,123,19,19,http://surokkha.gov.bd/enroll,14,0,5
1650136358583,9,Registration-1,200,OK,User 1-16,text,true,,7075,123,19,19,https://surokkha.gov.bd/enroll,9,0,0
1650136358570,42,Certificate,200,OK,User 1-15,text,true,,7207,256,19,19,https://surokkha.gov.bd/certificate,12,0,4
1650136358570,12,Certificate-0,302,Found,User 1-15,,true,,132,128,19,19,http://surokkha.gov.bd/certificate,12,0,4
1650136358583,29,Certificate-1,200,OK,User 1-15,text,true,,7075,128,19,19,https://surokkha.gov.bd/certificate,29,0,0
1650136358586,28,Home,200,OK,User 1-3,text,true,,7196,234,19,19,https://surokkha.gov.bd/,22,0,7
1650136358586,22,Home-0,302,Found,User 1-3,,true,,121,117,19,19,http://surokkha.gov.bd/,22,0,7
1650136358608,6,Home-1,200,OK,User 1-3,text,true,,7075,117,19,19,https://surokkha.gov.bd/,6,0,0
1650136358588,29,Registration,200,OK,User 1-8,text,true,,7202,246,19,19,https://surokkha.gov.bd/enroll,21,0,5
1650136358588,21,Registration-0,302,Found,User 1-8,,true,,127,123,19,19,http://surokkha.gov.bd/enroll,21,0,5
1650136358609,8,Registration-1,200,OK,User 1-8,text,true,,7075,123,19,19,https://surokkha.gov.bd/enroll,8,0,0
1650136358590,29,Home,200,OK,User 1-17,text,true,,7196,234,19,19,https://surokkha.gov.bd/,20,0,5
1650136358590,20,Home-0,302,Found,User 1-17,,true,,121,117,19,19,http://surokkha.gov.bd/,20,0,5
1650136358611,8,Home-1,200,OK,User 1-17,text,true,,7075,117,19,19,https://surokkha.gov.bd/,8,0,0
1650136358594,29,Home,200,OK,User 1-12,text,true,,7196,234,19,19,https://surokkha.gov.bd/,23,0,16
1650136358594,23,Home-0,302,Found,User 1-12,,true,,121,117,19,19,http://surokkha.gov.bd/,23,0,16
1650136358618,5,Home-1,200,OK,User 1-12,text,true,,7075,117,19,19,https://surokkha.gov.bd/,5,0,0
1650136358596,31,Registration,200,OK,User 1-5,text,true,,7202,246,19,19,https://surokkha.gov.bd/enroll,23,0,14
1650136358596,23,Registration-0,302,Found,User 1-5,,true,,127,123,19,19,http://surokkha.gov.bd/enroll,23,0,14
1650136358619,8,Registration-1,200,OK,User 1-5,text,true,,7075,123,19,19,https://surokkha.gov.bd/enroll,7,0,0
1650136358600,29,Home,200,OK,User 1-2,text,true,,7196,234,19,19,https://surokkha.gov.bd/,20,0,12
1650136358600,20,Home-0,302,Found,User 1-2,,true,,121,117,19,19,http://surokkha.gov.bd/,20,0,12
1650136358620,9,Home-1,200,OK,User 1-2,text,true,,7075,117,19,19,https://surokkha.gov.bd/,9,0,0
1650136358598,34,Certificate,200,OK,User 1-7,text,true,,7207,256,19,19,https://surokkha.gov.bd/certificate,22,0,13
1650136358598,22,Certificate-0,302,Found,User 1-7,,true,,132,128,19,19,http://surokkha.gov.bd/certificate,22,0,13
1650136358620,12,Certificate-1,200,OK,User 1-7,text,true,,7075,128,19,19,https://surokkha.gov.bd/certificate,12,0,0
1650136358601,33,Home,200,OK,User 1-9,text,true,,7196,234,19,19,https://surokkha.gov.bd/,21,0,11
1650136358601,21,Home-0,302,Found,User 1-9,,true,,121,117,19,19,http://surokkha.gov.bd/,21,0,11
1650136358622,12,Home-1,200,OK,User 1-9,text,true,,7075,117,19,19,https://surokkha.gov.bd/,12,0,0
1650136358605,30,Certificate,200,OK,User 1-4,text,true,,7207,256,19,19,https://surokkha.gov.bd/certificate,17,0,7
1650136358605,17,Certificate-0,302,Found,User 1-4,,true,,132,128,19,19,http://surokkha.gov.bd/certificate,17,0,7
1650136358622,13,Certificate-1,200,OK,User 1-4,text,true,,7075,128,19,19,https://surokkha.gov.bd/certificate,13,0,0
1650136358607,32,Home,200,OK,User 1-6,text,true,,7196,234,19,19,https://surokkha.gov.bd/,18,0,5
1650136358607,18,Home-0,302,Found,User 1-6,,true,,121,117,19,19,http://surokkha.gov.bd/,18,0,5
1650136358625,14,Home-1,200,OK,User 1-6,text,true,,7075,117,19,19,https://surokkha.gov.bd/,14,0,0
1650136358603,36,Certificate,200,OK,User 1-11,text,true,,7207,256,19,19,https://surokkha.gov.bd/certificate,18,0,9
1650136358603,18,Certificate-0,302,Found,User 1-11,,true,,132,128,19,19,http://surokkha.gov.bd/certificate,18,0,9
1650136358622,17,Certificate-1,200,OK,User 1-11,text,true,,7075,128,19,19,https://surokkha.gov.bd/certificate,17,0,0
1650136358611,30,Home,200,OK,User 1-16,text,true,,7196,234,19,19,https://surokkha.gov.bd/,17,0,8
1650136358611,17,Home-0,302,Found,User 1-16,,true,,121,117,19,19,http://surokkha.gov.bd/,17,0,8
1650136358628,13,Home-1,200,OK,User 1-16,text,true,,7075,117,19,19,https://surokkha.gov.bd/,13,0,0
1650136358613,28,Registration,200,OK,User 1-15,text,true,,7202,246,19,19,https://surokkha.gov.bd/enroll,18,0,8
1650136358613,18,Registration-0,302,Found,User 1-15,,true,,127,123,19,19,http://surokkha.gov.bd/enroll,18,0,8
1650136358631,10,Registration-1,200,OK,User 1-15,text,true,,7075,123,19,19,https://surokkha.gov.bd/enroll,10,0,0
1650136358613,28,Certificate,200,OK,User 1-14,text,true,,7207,256,19,19,https://surokkha.gov.bd/certificate,19,0,8
1650136358613,19,Certificate-0,302,Found,User 1-14,,true,,132,128,19,19,http://surokkha.gov.bd/certificate,19,0,8
1650136358632,9,Certificate-1,200,OK,User 1-14,text,true,,7075,128,19,19,https://surokkha.gov.bd/certificate,9,0,0
1650136358618,27,Home,200,OK,User 1-8,text,true,,7196,234,19,19,https://surokkha.gov.bd/,19,0,7
1650136358618,19,Home-0,302,Found,User 1-8,,true,,121,117,19,19,http://surokkha.gov.bd/,19,0,7
1650136358637,8,Home-1,200,OK,User 1-8,text,true,,7075,117,19,19,https://surokkha.gov.bd/,8,0,0
1650136358619,28,Certificate,200,OK,User 1-17,text,true,,7207,256,19,19,https://surokkha.gov.bd/certificate,20,0,6
1650136358619,20,Certificate-0,302,Found,User 1-17,,true,,132,128,19,19,http://surokkha.gov.bd/certificate,20,0,6
1650136358640,7,Certificate-1,200,OK,User 1-17,text,true,,7075,128,19,19,https://surokkha.gov.bd/certificate,7,0,0
1650136358614,35,Certificate,200,OK,User 1-3,text,true,,7207,256,19,19,https://surokkha.gov.bd/certificate,28,0,9
1650136358614,28,Certificate-0,302,Found,User 1-3,,true,,132,128,19,19,http://surokkha.gov.bd/certificate,28,0,9
1650136358642,7,Certificate-1,200,OK,User 1-3,text,true,,7075,128,19,19,https://surokkha.gov.bd/certificate,7,0,0
1650136358627,24,Home,200,OK,User 1-5,text,true,,7196,234,19,19,https://surokkha.gov.bd/,18,0,13
1650136358627,18,Home-0,302,Found,User 1-5,,true,,121,117,19,19,http://surokkha.gov.bd/,18,0,13
1650136358645,6,Home-1,200,OK,User 1-5,text,true,,7075,117,19,19,https://surokkha.gov.bd/,5,0,0
1650136358572,15,Home-0,302,Found,User 1-13,,true,,121,117,19,19,http://surokkha.gov.bd/,15,0,7
1650136358641,17,Certificate,200,OK,User 1-16,text,true,,7207,256,18,18,https://surokkha.gov.bd/certificate,9,0,5
1650136358624,33,Certificate,200,OK,User 1-12,text,true,,7207,256,18,18,https://surokkha.gov.bd/certificate,26,0,13
1650136358632,23,Registration,200,OK,User 1-7,text,true,,7202,246,18,18,https://surokkha.gov.bd/enroll,15,0,8
1650136358641,9,Certificate-0,302,Found,User 1-16,,true,,132,128,18,18,http://surokkha.gov.bd/certificate,9,0,5
1650136358624,26,Certificate-0,302,Found,User 1-12,,true,,132,128,18,18,http://surokkha.gov.bd/certificate,26,0,13
1650136358650,7,Certificate-1,200,OK,User 1-12,text,true,,7075,128,18,18,https://surokkha.gov.bd/certificate,6,0,0
1650136358650,8,Certificate-1,200,OK,User 1-16,text,true,,7075,128,18,18,https://surokkha.gov.bd/certificate,7,0,0
1650136358632,15,Registration-0,302,Found,User 1-7,,true,,127,123,18,18,http://surokkha.gov.bd/enroll,15,0,8
1650136358636,19,Registration,200,OK,User 1-4,text,true,,7202,246,18,18,https://surokkha.gov.bd/enroll,13,0,7
1650136358647,8,Registration-1,200,OK,User 1-7,text,true,,7075,123,18,18,https://surokkha.gov.bd/enroll,8,0,0
1650136358636,13,Registration-0,302,Found,User 1-4,,true,,127,123,18,18,http://surokkha.gov.bd/enroll,13,0,7
1650136358650,5,Registration-1,200,OK,User 1-4,text,true,,7075,123,18,18,https://surokkha.gov.bd/enroll,5,0,0
1650136358587,7,Home-1,200,OK,User 1-13,text,true,,7075,117,19,19,https://surokkha.gov.bd/,7,0,0
1650136358647,14,Registration,200,OK,User 1-17,text,true,,7202,246,19,19,https://surokkha.gov.bd/enroll,8,0,3
1650136358647,8,Registration-0,302,Found,User 1-17,,true,,127,123,19,19,http://surokkha.gov.bd/enroll,8,0,3
1650136358656,5,Registration-1,200,OK,User 1-17,text,true,,7075,123,19,19,https://surokkha.gov.bd/enroll,5,0,0
1650136358639,23,Certificate,200,OK,User 1-6,text,true,,7207,256,19,19,https://surokkha.gov.bd/certificate,10,0,5
1650136358639,10,Certificate-0,302,Found,User 1-6,,true,,132,128,19,19,http://surokkha.gov.bd/certificate,10,0,5
1650136358650,12,Certificate-1,200,OK,User 1-6,text,true,,7075,128,19,19,https://surokkha.gov.bd/certificate,12,0,0
1650136358630,32,Certificate,200,OK,User 1-2,text,true,,7207,256,19,19,https://surokkha.gov.bd/certificate,18,0,10
1650136358630,18,Certificate-0,302,Found,User 1-2,,true,,132,128,19,19,http://surokkha.gov.bd/certificate,18,0,10
1650136358648,14,Certificate-1,200,OK,User 1-2,text,true,,7075,128,19,19,https://surokkha.gov.bd/certificate,14,0,0
1650136358634,27,Certificate,200,OK,User 1-9,text,true,,7207,256,19,19,https://surokkha.gov.bd/certificate,14,0,8
1650136358634,14,Certificate-0,302,Found,User 1-9,,true,,132,128,19,19,http://surokkha.gov.bd/certificate,14,0,8
1650136358648,13,Certificate-1,200,OK,User 1-9,text,true,,7075,128,19,19,https://surokkha.gov.bd/certificate,13,0,0
1650136358641,28,Home,200,OK,User 1-15,text,true,,7196,234,19,19,https://surokkha.gov.bd/,23,0,7
1650136358641,23,Home-0,302,Found,User 1-15,,true,,121,117,19,19,http://surokkha.gov.bd/,23,0,7
1650136358665,4,Home-1,200,OK,User 1-15,text,true,,7075,117,19,19,https://surokkha.gov.bd/,4,0,0
1650136358639,33,Registration,200,OK,User 1-11,text,true,,7202,246,18,18,https://surokkha.gov.bd/enroll,25,0,20
1650136358639,25,Registration-0,302,Found,User 1-11,,true,,127,123,18,18,http://surokkha.gov.bd/enroll,25,0,20
1650136358666,6,Registration-1,200,OK,User 1-11,text,true,,7075,123,18,18,https://surokkha.gov.bd/enroll,6,0,0
1650136358659,14,Home,200,OK,User 1-7,text,true,,7196,234,18,18,https://surokkha.gov.bd/,9,0,3
1650136358659,9,Home-0,302,Found,User 1-7,,true,,121,117,18,18,http://surokkha.gov.bd/,9,0,3
1650136358668,5,Home-1,200,OK,User 1-7,text,true,,7075,117,18,18,https://surokkha.gov.bd/,5,0,0
1650136358658,16,Certificate,200,OK,User 1-1,text,true,,7207,256,18,18,https://surokkha.gov.bd/certificate,8,0,3
1650136358658,8,Certificate-0,302,Found,User 1-1,,true,,132,128,18,18,http://surokkha.gov.bd/certificate,8,0,3
1650136358667,7,Certificate-1,200,OK,User 1-1,text,true,,7075,128,18,18,https://surokkha.gov.bd/certificate,7,0,0
1650136358651,27,Certificate,200,OK,User 1-5,text,true,,7207,256,17,17,https://surokkha.gov.bd/certificate,15,0,10
1650136358651,15,Certificate-0,302,Found,User 1-5,,true,,132,128,17,17,http://surokkha.gov.bd/certificate,15,0,10
1650136358666,12,Certificate-1,200,OK,User 1-5,text,true,,7075,128,17,17,https://surokkha.gov.bd/certificate,12,0,0
1650136358659,25,Registration,200,OK,User 1-16,text,true,,7202,246,17,17,https://surokkha.gov.bd/enroll,8,0,4
1650136358660,24,Registration,200,OK,User 1-12,text,true,,7202,246,17,17,https://surokkha.gov.bd/enroll,9,0,4
1650136358659,8,Registration-0,302,Found,User 1-16,,true,,127,123,17,17,http://surokkha.gov.bd/enroll,8,0,4
1650136358660,9,Registration-0,302,Found,User 1-12,,true,,127,123,17,17,http://surokkha.gov.bd/enroll,9,0,4
1650136358667,17,Registration-1,200,OK,User 1-16,text,true,,7075,123,17,17,https://surokkha.gov.bd/enroll,17,0,0
1650136358669,15,Registration-1,200,OK,User 1-12,text,true,,7075,123,17,17,https://surokkha.gov.bd/enroll,15,0,0
1650136358642,43,Registration,200,OK,User 1-14,text,true,,7202,246,17,17,https://surokkha.gov.bd/enroll,22,0,7
1650136358642,22,Registration-0,302,Found,User 1-14,,true,,127,123,17,17,http://surokkha.gov.bd/enroll,22,0,7
1650136358665,20,Registration-1,200,OK,User 1-14,text,true,,7075,123,17,17,https://surokkha.gov.bd/enroll,19,0,0
1650136358662,24,Registration,200,OK,User 1-6,text,true,,7202,246,17,17,https://surokkha.gov.bd/enroll,10,0,4
1650136358662,10,Registration-0,302,Found,User 1-6,,true,,127,123,17,17,http://surokkha.gov.bd/enroll,10,0,4
1650136358672,14,Registration-1,200,OK,User 1-6,text,true,,7075,123,17,17,https://surokkha.gov.bd/enroll,14,0,0
1650136358663,26,Registration,200,OK,User 1-2,text,true,,7202,246,17,17,https://surokkha.gov.bd/enroll,12,0,3
1650136358663,12,Registration-0,302,Found,User 1-2,,true,,127,123,17,17,http://surokkha.gov.bd/enroll,12,0,3
1650136358675,14,Registration-1,200,OK,User 1-2,text,true,,7075,123,17,17,https://surokkha.gov.bd/enroll,14,0,0
1650136358659,34,Home,200,OK,User 1-4,text,true,,7196,234,17,17,https://surokkha.gov.bd/,9,0,4
1650136358659,9,Home-0,302,Found,User 1-4,,true,,121,117,17,17,http://surokkha.gov.bd/,9,0,4
1650136358668,25,Home-1,200,OK,User 1-4,text,true,,7075,117,17,17,https://surokkha.gov.bd/,25,0,0
1650136358672,51,Home,200,OK,User 1-11,text,true,,7196,234,17,17,https://surokkha.gov.bd/,30,0,14
1650136358685,38,Home,200,OK,User 1-14,text,true,,7196,234,17,17,https://surokkha.gov.bd/,18,0,9
1650136358672,30,Home-0,302,Found,User 1-11,,true,,121,117,17,17,http://surokkha.gov.bd/,30,0,14
1650136358685,18,Home-0,302,Found,User 1-14,,true,,121,117,17,17,http://surokkha.gov.bd/,18,0,9
1650136358706,17,Home-1,200,OK,User 1-11,text,true,,7075,117,17,17,https://surokkha.gov.bd/,17,0,0
1650136358707,16,Home-1,200,OK,User 1-14,text,true,,7075,117,17,17,https://surokkha.gov.bd/,16,0,0
1650136358663,61,Registration,200,OK,User 1-9,text,true,,7202,246,17,17,https://surokkha.gov.bd/enroll,11,0,3
1650136358663,11,Registration-0,302,Found,User 1-9,,true,,127,123,17,17,http://surokkha.gov.bd/enroll,11,0,3
1650136358687,40,Home,200,OK,User 1-6,text,true,,7196,234,16,16,https://surokkha.gov.bd/,26,0,15
1650136358687,26,Home-0,302,Found,User 1-6,,true,,121,117,16,16,http://surokkha.gov.bd/,26,0,15
1650136358714,13,Home-1,200,OK,User 1-6,text,true,,7075,117,16,16,https://surokkha.gov.bd/,13,0,0
1650136358694,33,Certificate,200,OK,User 1-4,text,true,,7207,256,16,16,https://surokkha.gov.bd/certificate,20,0,9
1650136358694,20,Certificate-0,302,Found,User 1-4,,true,,132,128,16,16,http://surokkha.gov.bd/certificate,20,0,9
1650136358715,12,Certificate-1,200,OK,User 1-4,text,true,,7075,128,16,16,https://surokkha.gov.bd/certificate,12,0,0
1650136358685,43,Home,200,OK,User 1-12,text,true,,7196,234,15,15,https://surokkha.gov.bd/,27,0,17
1650136358685,27,Home-0,302,Found,User 1-12,,true,,121,117,15,15,http://surokkha.gov.bd/,27,0,17
1650136358712,16,Home-1,200,OK,User 1-12,text,true,,7075,117,15,15,https://surokkha.gov.bd/,16,0,0
1650136358689,40,Home,200,OK,User 1-2,text,true,,7196,234,15,15,https://surokkha.gov.bd/,27,0,13
1650136358689,27,Home-0,302,Found,User 1-2,,true,,121,117,15,15,http://surokkha.gov.bd/,27,0,13
1650136358716,13,Home-1,200,OK,User 1-2,text,true,,7075,117,15,15,https://surokkha.gov.bd/,13,0,0
1650136358692,40,Home,200,OK,User 1-16,text,true,,7196,234,14,14,https://surokkha.gov.bd/,24,0,10
1650136358692,24,Home-0,302,Found,User 1-16,,true,,121,117,14,14,http://surokkha.gov.bd/,24,0,10
1650136358716,16,Home-1,200,OK,User 1-16,text,true,,7075,117,14,14,https://surokkha.gov.bd/,16,0,0
1650136358658,76,Certificate,200,OK,User 1-18,text,true,,7207,256,14,14,https://surokkha.gov.bd/certificate,8,0,3
1650136358658,8,Certificate-0,302,Found,User 1-18,,true,,132,128,14,14,http://surokkha.gov.bd/certificate,8,0,3
1650136358667,67,Certificate-1,200,OK,User 1-18,text,true,,7075,128,14,14,https://surokkha.gov.bd/certificate,67,0,59
1650136358678,58,Registration,200,OK,User 1-5,text,true,,7202,246,14,14,https://surokkha.gov.bd/enroll,25,0,12
1650136358678,25,Registration-0,302,Found,User 1-5,,true,,127,123,14,14,http://surokkha.gov.bd/enroll,25,0,12
1650136358717,19,Registration-1,200,OK,User 1-5,text,true,,7075,123,14,14,https://surokkha.gov.bd/enroll,19,0,0
1650136358707,17,Registration-1,200,OK,User 1-9,text,true,,7075,123,17,17,https://surokkha.gov.bd/enroll,17,0,0
1650136358659,78,Certificate,200,OK,User 1-20,text,true,,7207,256,14,14,https://surokkha.gov.bd/certificate,9,0,5
1650136358659,9,Certificate-0,302,Found,User 1-20,,true,,132,128,14,14,http://surokkha.gov.bd/certificate,9,0,5
1650136358669,68,Certificate-1,200,OK,User 1-20,text,true,,7075,128,14,14,https://surokkha.gov.bd/certificate,68,0,62
1650136358667,72,Certificate,200,OK,User 1-13,text,true,,7207,256,14,14,https://surokkha.gov.bd/certificate,35,0,19
1650136358667,35,Certificate-0,302,Found,User 1-13,,true,,132,128,14,14,http://surokkha.gov.bd/certificate,35,0,19
1650136358717,22,Certificate-1,200,OK,User 1-13,text,true,,7075,128,14,14,https://surokkha.gov.bd/certificate,22,0,0
1650136358707,36,Registration,200,OK,User 1-1,text,true,,7202,246,14,14,https://surokkha.gov.bd/enroll,31,0,25
1650136358707,31,Registration-0,302,Found,User 1-1,,true,,127,123,14,14,http://surokkha.gov.bd/enroll,31,0,25
1650136358738,5,Registration-1,200,OK,User 1-1,text,true,,7075,123,14,14,https://surokkha.gov.bd/enroll,5,0,0
1650136358532,213,Certificate,200,OK,User 1-19,text,true,,7207,256,14,14,https://surokkha.gov.bd/certificate,170,0,152
1650136358532,170,Certificate-0,302,Found,User 1-19,,true,,132,128,14,14,http://surokkha.gov.bd/certificate,170,0,152
1650136358705,40,Certificate-1,200,OK,User 1-19,text,true,,7075,128,14,14,https://surokkha.gov.bd/certificate,40,0,34
1650136358732,18,Certificate,200,OK,User 1-16,text,true,,7207,256,14,14,https://surokkha.gov.bd/certificate,9,0,4
1650136358732,9,Certificate-0,302,Found,User 1-16,,true,,132,128,14,14,http://surokkha.gov.bd/certificate,9,0,4
1650136358741,9,Certificate-1,200,OK,User 1-16,text,true,,7075,128,14,14,https://surokkha.gov.bd/certificate,9,0,0
1650136358729,22,Certificate,200,OK,User 1-12,text,true,,7207,256,14,14,https://surokkha.gov.bd/certificate,12,0,6
1650136358729,12,Certificate-0,302,Found,User 1-12,,true,,132,128,14,14,http://surokkha.gov.bd/certificate,12,0,6
1650136358741,10,Certificate-1,200,OK,User 1-12,text,true,,7075,128,14,14,https://surokkha.gov.bd/certificate,10,0,0
1650136358736,19,Home,200,OK,User 1-5,text,true,,7196,234,14,14,https://surokkha.gov.bd/,10,0,4
1650136358736,10,Home-0,302,Found,User 1-5,,true,,121,117,14,14,http://surokkha.gov.bd/,10,0,4
1650136358747,8,Home-1,200,OK,User 1-5,text,true,,7075,117,14,14,https://surokkha.gov.bd/,7,0,0
1650136358737,20,Home,200,OK,User 1-9,text,true,,7196,234,14,14,https://surokkha.gov.bd/,11,0,3
1650136358737,11,Home-0,302,Found,User 1-9,,true,,121,117,14,14,http://surokkha.gov.bd/,11,0,3
1650136358748,9,Home-1,200,OK,User 1-9,text,true,,7075,117,14,14,https://surokkha.gov.bd/,9,0,0
1650136358737,21,Registration,200,OK,User 1-20,text,true,,7202,246,14,14,https://surokkha.gov.bd/enroll,12,0,3
1650136358737,12,Registration-0,302,Found,User 1-20,,true,,127,123,14,14,http://surokkha.gov.bd/enroll,12,0,3
1650136358749,9,Registration-1,200,OK,User 1-20,text,true,,7075,123,14,14,https://surokkha.gov.bd/enroll,9,0,0
1650136358740,20,Registration,200,OK,User 1-13,text,true,,7202,246,14,14,https://surokkha.gov.bd/enroll,13,0,2
1650136358740,13,Registration-0,302,Found,User 1-13,,true,,127,123,14,14,http://surokkha.gov.bd/enroll,13,0,2
1650136358753,7,Registration-1,200,OK,User 1-13,text,true,,7075,123,14,14,https://surokkha.gov.bd/enroll,7,0,0
1650136358742,20,Certificate,200,OK,User 1-14,text,true,,7207,256,14,14,https://surokkha.gov.bd/certificate,14,0,5
1650136358742,14,Certificate-0,302,Found,User 1-14,,true,,132,128,14,14,http://surokkha.gov.bd/certificate,14,0,5
1650136358756,6,Certificate-1,200,OK,User 1-14,text,true,,7075,128,14,14,https://surokkha.gov.bd/certificate,6,0,0
1650136358744,22,Home,200,OK,User 1-1,text,true,,7196,234,14,14,https://surokkha.gov.bd/,15,0,8
1650136358744,15,Home-0,302,Found,User 1-1,,true,,121,117,14,14,http://surokkha.gov.bd/,15,0,8
1650136358759,7,Home-1,200,OK,User 1-1,text,true,,7075,117,14,14,https://surokkha.gov.bd/,6,0,0
1650136358746,22,Registration,200,OK,User 1-19,text,true,,7202,246,14,14,https://surokkha.gov.bd/enroll,17,0,8
1650136358746,17,Registration-0,302,Found,User 1-19,,true,,127,123,14,14,http://surokkha.gov.bd/enroll,17,0,8
1650136358763,5,Registration-1,200,OK,User 1-19,text,true,,7075,123,14,14,https://surokkha.gov.bd/enroll,5,0,0
1650136358750,21,Registration,200,OK,User 1-16,text,true,,7202,246,14,14,https://surokkha.gov.bd/enroll,14,0,7
1650136358750,14,Registration-0,302,Found,User 1-16,,true,,127,123,14,14,http://surokkha.gov.bd/enroll,14,0,7
1650136358764,7,Registration-1,200,OK,User 1-16,text,true,,7075,123,14,14,https://surokkha.gov.bd/enroll,7,0,0
1650136358752,22,Registration,200,OK,User 1-12,text,true,,7202,246,14,14,https://surokkha.gov.bd/enroll,13,0,6
1650136358752,13,Registration-0,302,Found,User 1-12,,true,,127,123,14,14,http://surokkha.gov.bd/enroll,13,0,6
1650136358765,9,Registration-1,200,OK,User 1-12,text,true,,7075,123,14,14,https://surokkha.gov.bd/enroll,9,0,0
1650136358755,22,Certificate,200,OK,User 1-5,text,true,,7207,256,14,14,https://surokkha.gov.bd/certificate,11,0,6
1650136358755,11,Certificate-0,302,Found,User 1-5,,true,,132,128,14,14,http://surokkha.gov.bd/certificate,11,0,6
1650136358766,11,Certificate-1,200,OK,User 1-5,text,true,,7075,128,14,14,https://surokkha.gov.bd/certificate,11,0,0
1650136358758,20,Certificate,200,OK,User 1-9,text,true,,7207,256,14,14,https://surokkha.gov.bd/certificate,11,0,6
1650136358758,11,Certificate-0,302,Found,User 1-9,,true,,132,128,14,14,http://surokkha.gov.bd/certificate,11,0,6
1650136358770,8,Certificate-1,200,OK,User 1-9,text,true,,7075,128,14,14,https://surokkha.gov.bd/certificate,8,0,0
1650136358759,22,Home,200,OK,User 1-20,text,true,,7196,234,14,14,https://surokkha.gov.bd/,13,0,6
1650136358759,13,Home-0,302,Found,User 1-20,,true,,121,117,14,14,http://surokkha.gov.bd/,13,0,6
1650136358772,9,Home-1,200,OK,User 1-20,text,true,,7075,117,14,14,https://surokkha.gov.bd/,8,0,0
1650136358760,22,Home,200,OK,User 1-13,text,true,,7196,234,14,14,https://surokkha.gov.bd/,15,0,6
1650136358760,15,Home-0,302,Found,User 1-13,,true,,121,117,14,14,http://surokkha.gov.bd/,15,0,6
1650136358775,7,Home-1,200,OK,User 1-13,text,true,,7075,117,14,14,https://surokkha.gov.bd/,7,0,0
1650136358762,22,Registration,200,OK,User 1-14,text,true,,7202,246,14,14,https://surokkha.gov.bd/enroll,14,0,4
1650136358762,14,Registration-0,302,Found,User 1-14,,true,,127,123,14,14,http://surokkha.gov.bd/enroll,14,0,4
1650136358776,8,Registration-1,200,OK,User 1-14,text,true,,7075,123,14,14,https://surokkha.gov.bd/enroll,8,0,0
1650136358766,21,Certificate,200,OK,User 1-1,text,true,,7207,256,14,14,https://surokkha.gov.bd/certificate,14,0,6
1650136358766,14,Certificate-0,302,Found,User 1-1,,true,,132,128,14,14,http://surokkha.gov.bd/certificate,14,0,6
1650136358780,7,Certificate-1,200,OK,User 1-1,text,true,,7075,128,14,14,https://surokkha.gov.bd/certificate,7,0,0
1650136358769,22,Home,200,OK,User 1-19,text,true,,7196,234,14,14,https://surokkha.gov.bd/,16,0,9
1650136358769,16,Home-0,302,Found,User 1-19,,true,,121,117,14,14,http://surokkha.gov.bd/,16,0,9
1650136358785,6,Home-1,200,OK,User 1-19,text,true,,7075,117,14,14,https://surokkha.gov.bd/,5,0,0
1650136358774,20,Home,200,OK,User 1-12,text,true,,7196,234,14,14,https://surokkha.gov.bd/,15,0,6
1650136358774,15,Home-0,302,Found,User 1-12,,true,,121,117,14,14,http://surokkha.gov.bd/,15,0,6
1650136358789,5,Home-1,200,OK,User 1-12,text,true,,7075,117,14,14,https://surokkha.gov.bd/,5,0,0
1650136358779,20,Registration,200,OK,User 1-9,text,true,,7202,246,14,14,https://surokkha.gov.bd/enroll,14,0,7
1650136358779,14,Registration-0,302,Found,User 1-9,,true,,127,123,14,14,http://surokkha.gov.bd/enroll,14,0,7
1650136358793,6,Registration-1,200,OK,User 1-9,text,true,,7075,123,14,14,https://surokkha.gov.bd/enroll,5,0,0
1650136358778,23,Registration,200,OK,User 1-5,text,true,,7202,246,14,14,https://surokkha.gov.bd/enroll,14,0,7
1650136358778,14,Registration-0,302,Found,User 1-5,,true,,127,123,14,14,http://surokkha.gov.bd/enroll,14,0,7
1650136358793,8,Registration-1,200,OK,User 1-5,text,true,,7075,123,14,14,https://surokkha.gov.bd/enroll,8,0,0
1650136358781,20,Certificate,200,OK,User 1-20,text,true,,7207,256,14,14,https://surokkha.gov.bd/certificate,15,0,7
1650136358781,15,Certificate-0,302,Found,User 1-20,,true,,132,128,14,14,http://surokkha.gov.bd/certificate,15,0,7
1650136358796,5,Certificate-1,200,OK,User 1-20,text,true,,7075,128,14,14,https://surokkha.gov.bd/certificate,5,0,0
1650136358783,20,Certificate,200,OK,User 1-13,text,true,,7207,256,14,14,https://surokkha.gov.bd/certificate,14,0,7
1650136358783,14,Certificate-0,302,Found,User 1-13,,true,,132,128,14,14,http://surokkha.gov.bd/certificate,14,0,7
1650136358797,6,Certificate-1,200,OK,User 1-13,text,true,,7075,128,14,14,https://surokkha.gov.bd/certificate,6,0,0
1650136358787,20,Registration,200,OK,User 1-1,text,true,,7202,246,14,14,https://surokkha.gov.bd/enroll,13,0,6
1650136358787,13,Registration-0,302,Found,User 1-1,,true,,127,123,14,14,http://surokkha.gov.bd/enroll,13,0,6
1650136358800,7,Registration-1,200,OK,User 1-1,text,true,,7075,123,14,14,https://surokkha.gov.bd/enroll,7,0,0
1650136358791,20,Certificate,200,OK,User 1-19,text,true,,7207,256,14,14,https://surokkha.gov.bd/certificate,14,0,7
1650136358791,14,Certificate-0,302,Found,User 1-19,,true,,132,128,14,14,http://surokkha.gov.bd/certificate,14,0,7
1650136358805,6,Certificate-1,200,OK,User 1-19,text,true,,7075,128,14,14,https://surokkha.gov.bd/certificate,6,0,0
1650136358649,118,Registration,200,OK,User 1-3,text,true,,7202,246,14,14,https://surokkha.gov.bd/enroll,18,0,14
1650136358649,18,Registration-0,302,Found,User 1-3,,true,,127,123,14,14,http://surokkha.gov.bd/enroll,18,0,14
1650136358668,99,Registration-1,200,OK,User 1-3,text,true,,7075,123,14,14,https://surokkha.gov.bd/enroll,99,0,0
1650136358801,13,Home,200,OK,User 1-5,text,true,,7196,234,14,14,https://surokkha.gov.bd/,9,0,5
1650136358801,9,Home-0,302,Found,User 1-5,,true,,121,117,14,14,http://surokkha.gov.bd/,9,0,5
1650136358810,4,Home-1,200,OK,User 1-5,text,true,,7075,117,14,14,https://surokkha.gov.bd/,4,0,0
1650136358795,20,Certificate,200,OK,User 1-12,text,true,,7207,256,14,14,https://surokkha.gov.bd/certificate,13,0,5
1650136358795,13,Certificate-0,302,Found,User 1-12,,true,,132,128,14,14,http://surokkha.gov.bd/certificate,13,0,5
1650136358808,7,Certificate-1,200,OK,User 1-12,text,true,,7075,128,14,14,https://surokkha.gov.bd/certificate,7,0,0
1650136358807,14,Home,200,OK,User 1-1,text,true,,7196,234,14,14,https://surokkha.gov.bd/,9,0,5
1650136358807,9,Home-0,302,Found,User 1-1,,true,,121,117,14,14,http://surokkha.gov.bd/,9,0,5
1650136358803,18,Registration,200,OK,User 1-13,text,true,,7202,246,14,14,https://surokkha.gov.bd/enroll,12,0,6
1650136358803,12,Registration-0,302,Found,User 1-13,,true,,127,123,14,14,http://surokkha.gov.bd/enroll,12,0,6
1650136358815,6,Registration-1,200,OK,User 1-13,text,true,,7075,123,14,14,https://surokkha.gov.bd/enroll,6,0,0
1650136358802,20,Registration,200,OK,User 1-20,text,true,,7202,246,14,14,https://surokkha.gov.bd/enroll,14,0,7
1650136358802,14,Registration-0,302,Found,User 1-20,,true,,127,123,14,14,http://surokkha.gov.bd/enroll,14,0,7
1650136358816,6,Registration-1,200,OK,User 1-20,text,true,,7075,123,14,14,https://surokkha.gov.bd/enroll,6,0,0
1650136358817,4,Home-1,200,OK,User 1-1,text,true,,7075,117,14,14,https://surokkha.gov.bd/,4,0,0
1650136358558,269,Certificate,200,OK,User 1-10,text,true,,7207,256,13,13,https://surokkha.gov.bd/certificate,19,0,13
1650136358558,19,Certificate-0,302,Found,User 1-10,,true,,132,128,13,13,http://surokkha.gov.bd/certificate,19,0,13
1650136358577,250,Certificate-1,200,OK,User 1-10,text,true,,7075,128,13,13,https://surokkha.gov.bd/certificate,250,0,0
1650136358811,18,Registration,200,OK,User 1-19,text,true,,7202,246,13,13,https://surokkha.gov.bd/enroll,12,0,6
1650136358811,12,Registration-0,302,Found,User 1-19,,true,,127,123,13,13,http://surokkha.gov.bd/enroll,12,0,6
1650136358823,6,Registration-1,200,OK,User 1-19,text,true,,7075,123,13,13,https://surokkha.gov.bd/enroll,6,0,0
1650136358814,16,Certificate,200,OK,User 1-5,text,true,,7207,256,13,13,https://surokkha.gov.bd/certificate,10,0,3
1650136358814,10,Certificate-0,302,Found,User 1-5,,true,,132,128,13,13,http://surokkha.gov.bd/certificate,10,0,3
1650136358824,6,Certificate-1,200,OK,User 1-5,text,true,,7075,128,13,13,https://surokkha.gov.bd/certificate,6,0,0
1650136358728,106,Registration,200,OK,User 1-4,text,true,,7202,246,13,13,https://surokkha.gov.bd/enroll,12,0,7
1650136358728,12,Registration-0,302,Found,User 1-4,,true,,127,123,13,13,http://surokkha.gov.bd/enroll,12,0,7
1650136358740,94,Registration-1,200,OK,User 1-4,text,true,,7075,123,13,13,https://surokkha.gov.bd/enroll,94,0,0
1650136358821,15,Home,200,OK,User 1-13,text,true,,7196,234,13,13,https://surokkha.gov.bd/,11,0,5
1650136358821,11,Home-0,302,Found,User 1-13,,true,,121,117,13,13,http://surokkha.gov.bd/,11,0,5
1650136358832,4,Home-1,200,OK,User 1-13,text,true,,7075,117,13,13,https://surokkha.gov.bd/,4,0,0
1650136358661,177,Home,200,OK,User 1-17,text,true,,7196,234,12,12,https://surokkha.gov.bd/,173,0,5
1650136358661,173,Home-0,302,Found,User 1-17,,true,,121,117,12,12,http://surokkha.gov.bd/,173,0,5
1650136358834,4,Home-1,200,OK,User 1-17,text,true,,7075,117,12,12,https://surokkha.gov.bd/,4,0,0
1650136358822,18,Home,200,OK,User 1-20,text,true,,7196,234,12,12,https://surokkha.gov.bd/,11,0,5
1650136358822,11,Home-0,302,Found,User 1-20,,true,,121,117,12,12,http://surokkha.gov.bd/,11,0,5
1650136358833,7,Home-1,200,OK,User 1-20,text,true,,7075,117,12,12,https://surokkha.gov.bd/,7,0,0
1650136358771,74,Home,200,OK,User 1-16,text,true,,7196,234,12,12,https://surokkha.gov.bd/,15,0,8
1650136358771,15,Home-0,302,Found,User 1-16,,true,,121,117,12,12,http://surokkha.gov.bd/,15,0,8
1650136358786,59,Home-1,200,OK,User 1-16,text,true,,7075,117,12,12,https://surokkha.gov.bd/,59,0,0
1650136358799,48,Home,200,OK,User 1-9,text,true,,7196,234,12,12,https://surokkha.gov.bd/,44,0,7
1650136358799,44,Home-0,302,Found,User 1-9,,true,,121,117,12,12,http://surokkha.gov.bd/,44,0,7
1650136358843,4,Home-1,200,OK,User 1-9,text,true,,7075,117,12,12,https://surokkha.gov.bd/,4,0,0
1650136358827,21,Registration,200,OK,User 1-10,text,true,,7202,246,12,12,https://surokkha.gov.bd/enroll,15,0,8
1650136358827,15,Registration-0,302,Found,User 1-10,,true,,127,123,12,12,http://surokkha.gov.bd/enroll,15,0,8
1650136358842,6,Registration-1,200,OK,User 1-10,text,true,,7075,123,12,12,https://surokkha.gov.bd/enroll,6,0,0
1650136358834,14,Home,200,OK,User 1-4,text,true,,7196,234,12,12,https://surokkha.gov.bd/,9,0,5
1650136358834,9,Home-0,302,Found,User 1-4,,true,,121,117,12,12,http://surokkha.gov.bd/,9,0,5
1650136358844,4,Home-1,200,OK,User 1-4,text,true,,7075,117,12,12,https://surokkha.gov.bd/,4,0,0
1650136358784,70,Home,200,OK,User 1-14,text,true,,7196,234,12,12,https://surokkha.gov.bd/,66,0,60
1650136358784,66,Home-0,302,Found,User 1-14,,true,,121,117,12,12,http://surokkha.gov.bd/,66,0,60
1650136358850,4,Home-1,200,OK,User 1-14,text,true,,7075,117,12,12,https://surokkha.gov.bd/,4,0,0
1650136358838,18,Certificate,200,OK,User 1-17,text,true,,7207,256,12,12,https://surokkha.gov.bd/certificate,11,0,3
1650136358838,11,Certificate-0,302,Found,User 1-17,,true,,132,128,12,12,http://surokkha.gov.bd/certificate,11,0,3
1650136358850,6,Certificate-1,200,OK,User 1-17,text,true,,7075,128,12,12,https://surokkha.gov.bd/certificate,6,0,0
1650136358845,17,Certificate,200,OK,User 1-16,text,true,,7207,256,12,12,https://surokkha.gov.bd/certificate,12,0,6
1650136358845,12,Certificate-0,302,Found,User 1-16,,true,,132,128,12,12,http://surokkha.gov.bd/certificate,12,0,6
1650136358857,5,Certificate-1,200,OK,User 1-16,text,true,,7075,128,12,12,https://surokkha.gov.bd/certificate,5,0,0
1650136358849,14,Certificate,200,OK,User 1-4,text,true,,7207,256,12,12,https://surokkha.gov.bd/certificate,9,0,2
1650136358849,9,Certificate-0,302,Found,User 1-4,,true,,132,128,12,12,http://surokkha.gov.bd/certificate,9,0,2
1650136358859,4,Certificate-1,200,OK,User 1-4,text,true,,7075,128,12,12,https://surokkha.gov.bd/certificate,4,0,0
1650136358848,17,Home,200,OK,User 1-10,text,true,,7196,234,12,12,https://surokkha.gov.bd/,11,0,3
1650136358848,11,Home-0,302,Found,User 1-10,,true,,121,117,12,12,http://surokkha.gov.bd/,11,0,3
1650136358859,6,Home-1,200,OK,User 1-10,text,true,,7075,117,12,12,https://surokkha.gov.bd/,6,0,0
1650136358847,21,Certificate,200,OK,User 1-9,text,true,,7207,256,12,12,https://surokkha.gov.bd/certificate,11,0,4
1650136358847,11,Certificate-0,302,Found,User 1-9,,true,,132,128,12,12,http://surokkha.gov.bd/certificate,11,0,4
1650136358858,10,Certificate-1,200,OK,User 1-9,text,true,,7075,128,12,12,https://surokkha.gov.bd/certificate,10,0,0
1650136358856,17,Registration,200,OK,User 1-17,text,true,,7202,246,12,12,https://surokkha.gov.bd/enroll,12,0,4
1650136358856,12,Registration-0,302,Found,User 1-17,,true,,127,123,12,12,http://surokkha.gov.bd/enroll,12,0,4
1650136358868,5,Registration-1,200,OK,User 1-17,text,true,,7075,123,12,12,https://surokkha.gov.bd/enroll,5,0,0
1650136358864,13,Registration,200,OK,User 1-4,text,true,,7202,246,12,12,https://surokkha.gov.bd/enroll,8,0,4
1650136358864,8,Registration-0,302,Found,User 1-4,,true,,127,123,12,12,http://surokkha.gov.bd/enroll,8,0,4
1650136358872,5,Registration-1,200,OK,User 1-4,text,true,,7075,123,12,12,https://surokkha.gov.bd/enroll,5,0,0
1650136358854,26,Certificate,200,OK,User 1-14,text,true,,7207,256,12,12,https://surokkha.gov.bd/certificate,21,0,6
1650136358854,21,Certificate-0,302,Found,User 1-14,,true,,132,128,12,12,http://surokkha.gov.bd/certificate,21,0,6
1650136358875,5,Certificate-1,200,OK,User 1-14,text,true,,7075,128,12,12,https://surokkha.gov.bd/certificate,5,0,0
1650136358863,19,Registration,200,OK,User 1-16,text,true,,7202,246,12,12,https://surokkha.gov.bd/enroll,12,0,7
1650136358863,12,Registration-0,302,Found,User 1-16,,true,,127,123,12,12,http://surokkha.gov.bd/enroll,12,0,7
1650136358875,7,Registration-1,200,OK,User 1-16,text,true,,7075,123,12,12,https://surokkha.gov.bd/enroll,7,0,0
1650136358866,19,Certificate,200,OK,User 1-10,text,true,,7207,256,12,12,https://surokkha.gov.bd/certificate,9,0,3
1650136358866,9,Certificate-0,302,Found,User 1-10,,true,,132,128,12,12,http://surokkha.gov.bd/certificate,9,0,3
1650136358875,10,Certificate-1,200,OK,User 1-10,text,true,,7075,128,12,12,https://surokkha.gov.bd/certificate,9,0,0
1650136358868,19,Registration,200,OK,User 1-9,text,true,,7202,246,12,12,https://surokkha.gov.bd/enroll,11,0,3
1650136358868,11,Registration-0,302,Found,User 1-9,,true,,127,123,12,12,http://surokkha.gov.bd/enroll,11,0,3
1650136358879,8,Registration-1,200,OK,User 1-9,text,true,,7075,123,12,12,https://surokkha.gov.bd/enroll,8,0,0
1650136358874,16,Home,200,OK,User 1-17,text,true,,7196,234,12,12,https://surokkha.gov.bd/,12,0,4
1650136358874,12,Home-0,302,Found,User 1-17,,true,,121,117,12,12,http://surokkha.gov.bd/,12,0,4
1650136358886,4,Home-1,200,OK,User 1-17,text,true,,7075,117,12,12,https://surokkha.gov.bd/,4,0,0
1650136358878,15,Home,200,OK,User 1-4,text,true,,7196,234,12,12,https://surokkha.gov.bd/,11,0,3
1650136358878,11,Home-0,302,Found,User 1-4,,true,,121,117,12,12,http://surokkha.gov.bd/,11,0,3
1650136358889,4,Home-1,200,OK,User 1-4,text,true,,7075,117,12,12,https://surokkha.gov.bd/,4,0,0
1650136358881,17,Registration,200,OK,User 1-14,text,true,,7202,246,11,11,https://surokkha.gov.bd/enroll,11,0,7
1650136358881,11,Registration-0,302,Found,User 1-14,,true,,127,123,11,11,http://surokkha.gov.bd/enroll,11,0,7
1650136358892,6,Registration-1,200,OK,User 1-14,text,true,,7075,123,11,11,https://surokkha.gov.bd/enroll,6,0,0
1650136358883,19,Home,200,OK,User 1-16,text,true,,7196,234,11,11,https://surokkha.gov.bd/,11,0,6
1650136358883,11,Home-0,302,Found,User 1-16,,true,,121,117,11,11,http://surokkha.gov.bd/,11,0,6
1650136358895,7,Home-1,200,OK,User 1-16,text,true,,7075,117,11,11,https://surokkha.gov.bd/,7,0,0
1650136358887,16,Home,200,OK,User 1-9,text,true,,7196,234,11,11,https://surokkha.gov.bd/,10,0,4
1650136358887,10,Home-0,302,Found,User 1-9,,true,,121,117,11,11,http://surokkha.gov.bd/,10,0,4
1650136358897,6,Home-1,200,OK,User 1-9,text,true,,7075,117,11,11,https://surokkha.gov.bd/,6,0,0
1650136358885,18,Registration,200,OK,User 1-10,text,true,,7202,246,11,11,https://surokkha.gov.bd/enroll,11,0,4
1650136358885,11,Registration-0,302,Found,User 1-10,,true,,127,123,11,11,http://surokkha.gov.bd/enroll,11,0,4
1650136358896,7,Registration-1,200,OK,User 1-10,text,true,,7075,123,11,11,https://surokkha.gov.bd/enroll,6,0,0
1650136358891,16,Certificate,200,OK,User 1-17,text,true,,7207,256,9,9,https://surokkha.gov.bd/certificate,11,0,6
1650136358891,11,Certificate-0,302,Found,User 1-17,,true,,132,128,9,9,http://surokkha.gov.bd/certificate,11,0,6
1650136358902,5,Certificate-1,200,OK,User 1-17,text,true,,7075,128,9,9,https://surokkha.gov.bd/certificate,5,0,0
1650136358899,14,Home,200,OK,User 1-14,text,true,,7196,234,9,9,https://surokkha.gov.bd/,10,0,4
1650136358899,10,Home-0,302,Found,User 1-14,,true,,121,117,9,9,http://surokkha.gov.bd/,10,0,4
1650136358909,4,Home-1,200,OK,User 1-14,text,true,,7075,117,9,9,https://surokkha.gov.bd/,3,0,0
1650136358904,13,Home,200,OK,User 1-10,text,true,,7196,234,8,8,https://surokkha.gov.bd/,9,0,4
1650136358904,9,Home-0,302,Found,User 1-10,,true,,121,117,8,8,http://surokkha.gov.bd/,9,0,4
1650136358914,3,Home-1,200,OK,User 1-10,text,true,,7075,117,8,8,https://surokkha.gov.bd/,3,0,0
1650136358908,12,Registration,200,OK,User 1-17,text,true,,7202,246,7,7,https://surokkha.gov.bd/enroll,7,0,2
1650136358908,7,Registration-0,302,Found,User 1-17,,true,,127,123,7,7,http://surokkha.gov.bd/enroll,7,0,2
1650136358915,5,Registration-1,200,OK,User 1-17,text,true,,7075,123,7,7,https://surokkha.gov.bd/enroll,5,0,0
1650136358829,116,Home,200,OK,User 1-19,text,true,,7196,234,7,7,https://surokkha.gov.bd/,97,0,2
1650136358829,97,Home-0,302,Found,User 1-19,,true,,121,117,7,7,http://surokkha.gov.bd/,97,0,2
1650136358926,19,Home-1,200,OK,User 1-19,text,true,,7075,117,7,7,https://surokkha.gov.bd/,19,0,0
1650136358734,216,Registration,200,OK,User 1-18,text,true,,7202,246,7,7,https://surokkha.gov.bd/enroll,211,0,193
1650136358734,211,Registration-0,302,Found,User 1-18,,true,,127,123,7,7,http://surokkha.gov.bd/enroll,211,0,193
1650136358945,5,Registration-1,200,OK,User 1-18,text,true,,7075,123,7,7,https://surokkha.gov.bd/enroll,5,0,0
1650136358921,30,Home,200,OK,User 1-17,text,true,,7196,234,7,7,https://surokkha.gov.bd/,26,0,2
1650136358921,26,Home-0,302,Found,User 1-17,,true,,121,117,7,7,http://surokkha.gov.bd/,26,0,2
1650136358947,4,Home-1,200,OK,User 1-17,text,true,,7075,117,7,7,https://surokkha.gov.bd/,3,0,0
1650136358840,113,Certificate,200,OK,User 1-20,text,true,,7207,256,6,6,https://surokkha.gov.bd/certificate,106,0,86
1650136358840,106,Certificate-0,302,Found,User 1-20,,true,,132,128,6,6,http://surokkha.gov.bd/certificate,106,0,86
1650136358946,7,Certificate-1,200,OK,User 1-20,text,true,,7075,128,6,6,https://surokkha.gov.bd/certificate,6,0,0
1650136358815,139,Registration,200,OK,User 1-12,text,true,,7202,246,6,6,https://surokkha.gov.bd/enroll,131,0,110
1650136358815,131,Registration-0,302,Found,User 1-12,,true,,127,123,6,6,http://surokkha.gov.bd/enroll,131,0,110
1650136358946,8,Registration-1,200,OK,User 1-12,text,true,,7075,123,6,6,https://surokkha.gov.bd/enroll,7,0,0
1650136358813,147,Home,200,OK,User 1-3,text,true,,7196,234,6,6,https://surokkha.gov.bd/,143,0,137
1650136358813,143,Home-0,302,Found,User 1-3,,true,,121,117,6,6,http://surokkha.gov.bd/,143,0,137
1650136358956,4,Home-1,200,OK,User 1-3,text,true,,7075,117,6,6,https://surokkha.gov.bd/,4,0,0
1650136358946,16,Certificate,200,OK,User 1-19,text,true,,7207,256,5,5,https://surokkha.gov.bd/certificate,10,0,2
1650136358946,10,Certificate-0,302,Found,User 1-19,,true,,132,128,5,5,http://surokkha.gov.bd/certificate,10,0,2
1650136358956,6,Certificate-1,200,OK,User 1-19,text,true,,7075,128,5,5,https://surokkha.gov.bd/certificate,6,0,0
1650136358950,13,Home,200,OK,User 1-18,text,true,,7196,234,5,5,https://surokkha.gov.bd/,9,0,4
1650136358950,9,Home-0,302,Found,User 1-18,,true,,121,117,5,5,http://surokkha.gov.bd/,9,0,4
1650136358959,4,Home-1,200,OK,User 1-18,text,true,,7075,117,5,5,https://surokkha.gov.bd/,4,0,0
1650136358953,14,Registration,200,OK,User 1-20,text,true,,7202,246,5,5,https://surokkha.gov.bd/enroll,10,0,3
1650136358953,10,Registration-0,302,Found,User 1-20,,true,,127,123,5,5,http://surokkha.gov.bd/enroll,10,0,3
1650136358963,4,Registration-1,200,OK,User 1-20,text,true,,7075,123,5,5,https://surokkha.gov.bd/enroll,4,0,0
1650136358954,15,Home,200,OK,User 1-12,text,true,,7196,234,5,5,https://surokkha.gov.bd/,9,0,3
1650136358954,9,Home-0,302,Found,User 1-12,,true,,121,117,5,5,http://surokkha.gov.bd/,9,0,3
1650136358963,6,Home-1,200,OK,User 1-12,text,true,,7075,117,5,5,https://surokkha.gov.bd/,5,0,0
1650136358962,13,Registration,200,OK,User 1-19,text,true,,7202,246,4,4,https://surokkha.gov.bd/enroll,8,0,2
1650136358962,8,Registration-0,302,Found,User 1-19,,true,,127,123,4,4,http://surokkha.gov.bd/enroll,8,0,2
1650136358970,5,Registration-1,200,OK,User 1-19,text,true,,7075,123,4,4,https://surokkha.gov.bd/enroll,5,0,0
1650136358964,12,Certificate,200,OK,User 1-18,text,true,,7207,256,4,4,https://surokkha.gov.bd/certificate,8,0,2
1650136358964,8,Certificate-0,302,Found,User 1-18,,true,,132,128,4,4,http://surokkha.gov.bd/certificate,8,0,2
1650136358972,4,Certificate-1,200,OK,User 1-18,text,true,,7075,128,4,4,https://surokkha.gov.bd/certificate,4,0,0
1650136358967,12,Home,200,OK,User 1-20,text,true,,7196,234,4,4,https://surokkha.gov.bd/,8,0,3
1650136358967,8,Home-0,302,Found,User 1-20,,true,,121,117,4,4,http://surokkha.gov.bd/,8,0,3
1650136358975,4,Home-1,200,OK,User 1-20,text,true,,7075,117,4,4,https://surokkha.gov.bd/,4,0,0
1650136358975,12,Home,200,OK,User 1-19,text,true,,7196,234,4,4,https://surokkha.gov.bd/,8,0,2
1650136358975,8,Home-0,302,Found,User 1-19,,true,,121,117,4,4,http://surokkha.gov.bd/,8,0,2
1650136358983,4,Home-1,200,OK,User 1-19,text,true,,7075,117,4,4,https://surokkha.gov.bd/,4,0,0
1650136358976,14,Registration,200,OK,User 1-18,text,true,,7202,246,4,4,https://surokkha.gov.bd/enroll,8,0,2
1650136358976,8,Registration-0,302,Found,User 1-18,,true,,127,123,4,4,http://surokkha.gov.bd/enroll,8,0,2
1650136358984,6,Registration-1,200,OK,User 1-18,text,true,,7075,123,4,4,https://surokkha.gov.bd/enroll,6,0,0
1650136358979,12,Certificate,200,OK,User 1-20,text,true,,7207,256,4,4,https://surokkha.gov.bd/certificate,8,0,2
1650136358979,8,Certificate-0,302,Found,User 1-20,,true,,132,128,4,4,http://surokkha.gov.bd/certificate,8,0,2
1650136358987,4,Certificate-1,200,OK,User 1-20,text,true,,7075,128,4,4,https://surokkha.gov.bd/certificate,4,0,0
1650136358988,13,Certificate,200,OK,User 1-19,text,true,,7207,256,4,4,https://surokkha.gov.bd/certificate,9,0,3
1650136358988,9,Certificate-0,302,Found,User 1-19,,true,,132,128,4,4,http://surokkha.gov.bd/certificate,9,0,3
1650136358997,4,Certificate-1,200,OK,User 1-19,text,true,,7075,128,4,4,https://surokkha.gov.bd/certificate,4,0,0
1650136358990,12,Home,200,OK,User 1-18,text,true,,7196,234,4,4,https://surokkha.gov.bd/,8,0,3
1650136358990,8,Home-0,302,Found,User 1-18,,true,,121,117,4,4,http://surokkha.gov.bd/,8,0,3
1650136358998,4,Home-1,200,OK,User 1-18,text,true,,7075,117,4,4,https://surokkha.gov.bd/,3,0,0
1650136358992,12,Registration,200,OK,User 1-20,text,true,,7202,246,4,4,https://surokkha.gov.bd/enroll,7,0,2
1650136358992,7,Registration-0,302,Found,User 1-20,,true,,127,123,4,4,http://surokkha.gov.bd/enroll,7,0,2
1650136358999,5,Registration-1,200,OK,User 1-20,text,true,,7075,123,4,4,https://surokkha.gov.bd/enroll,4,0,0
1650136359002,11,Certificate,200,OK,User 1-18,text,true,,7207,256,4,4,https://surokkha.gov.bd/certificate,7,0,2
1650136359002,7,Certificate-0,302,Found,User 1-18,,true,,132,128,4,4,http://surokkha.gov.bd/certificate,7,0,2
1650136359009,4,Certificate-1,200,OK,User 1-18,text,true,,7075,128,4,4,https://surokkha.gov.bd/certificate,4,0,0
1650136359004,10,Home,200,OK,User 1-20,text,true,,7196,234,4,4,https://surokkha.gov.bd/,6,0,3
1650136359004,6,Home-0,302,Found,User 1-20,,true,,121,117,4,4,http://surokkha.gov.bd/,6,0,3
1650136359010,4,Home-1,200,OK,User 1-20,text,true,,7075,117,4,4,https://surokkha.gov.bd/,4,0,0
1650136359002,13,Registration,200,OK,User 1-19,text,true,,7202,246,4,4,https://surokkha.gov.bd/enroll,7,0,2
1650136359002,7,Registration-0,302,Found,User 1-19,,true,,127,123,4,4,http://surokkha.gov.bd/enroll,7,0,2
1650136359009,6,Registration-1,200,OK,User 1-19,text,true,,7075,123,4,4,https://surokkha.gov.bd/enroll,6,0,0
1650136359015,10,Certificate,200,OK,User 1-20,text,true,,7207,256,4,4,https://surokkha.gov.bd/certificate,6,0,2
1650136359015,6,Certificate-0,302,Found,User 1-20,,true,,132,128,4,4,http://surokkha.gov.bd/certificate,6,0,2
1650136359021,4,Certificate-1,200,OK,User 1-20,text,true,,7075,128,4,4,https://surokkha.gov.bd/certificate,4,0,0
1650136359015,11,Home,200,OK,User 1-19,text,true,,7196,234,4,4,https://surokkha.gov.bd/,7,0,2
1650136359015,7,Home-0,302,Found,User 1-19,,true,,121,117,4,4,http://surokkha.gov.bd/,7,0,2
1650136359022,4,Home-1,200,OK,User 1-19,text,true,,7075,117,4,4,https://surokkha.gov.bd/,4,0,0
1650136359014,13,Registration,200,OK,User 1-18,text,true,,7202,246,4,4,https://surokkha.gov.bd/enroll,7,0,2
1650136359014,7,Registration-0,302,Found,User 1-18,,true,,127,123,4,4,http://surokkha.gov.bd/enroll,7,0,2
1650136359021,6,Registration-1,200,OK,User 1-18,text,true,,7075,123,4,4,https://surokkha.gov.bd/enroll,5,0,0
1650136359025,13,Registration,200,OK,User 1-20,text,true,,7202,246,4,4,https://surokkha.gov.bd/enroll,8,0,3
1650136359025,8,Registration-0,302,Found,User 1-20,,true,,127,123,4,4,http://surokkha.gov.bd/enroll,8,0,3
1650136359033,5,Registration-1,200,OK,User 1-20,text,true,,7075,123,4,4,https://surokkha.gov.bd/enroll,5,0,0
1650136359027,11,Home,200,OK,User 1-18,text,true,,7196,234,4,4,https://surokkha.gov.bd/,7,0,2
1650136359027,7,Home-0,302,Found,User 1-18,,true,,121,117,4,4,http://surokkha.gov.bd/,7,0,2
1650136359034,4,Home-1,200,OK,User 1-18,text,true,,7075,117,4,4,https://surokkha.gov.bd/,4,0,0
1650136359026,14,Certificate,200,OK,User 1-19,text,true,,7207,256,4,4,https://surokkha.gov.bd/certificate,9,0,4
1650136359026,9,Certificate-0,302,Found,User 1-19,,true,,132,128,4,4,http://surokkha.gov.bd/certificate,9,0,4
1650136359035,5,Certificate-1,200,OK,User 1-19,text,true,,7075,128,4,4,https://surokkha.gov.bd/certificate,5,0,0
1650136359038,12,Home,200,OK,User 1-20,text,true,,7196,234,4,4,https://surokkha.gov.bd/,8,0,3
1650136359038,8,Home-0,302,Found,User 1-20,,true,,121,117,4,4,http://surokkha.gov.bd/,8,0,3
1650136359046,4,Home-1,200,OK,User 1-20,text,true,,7075,117,4,4,https://surokkha.gov.bd/,4,0,0
1650136359038,14,Certificate,200,OK,User 1-18,text,true,,7207,256,3,3,https://surokkha.gov.bd/certificate,9,0,3
1650136359038,9,Certificate-0,302,Found,User 1-18,,true,,132,128,3,3,http://surokkha.gov.bd/certificate,9,0,3
1650136359047,5,Certificate-1,200,OK,User 1-18,text,true,,7075,128,3,3,https://surokkha.gov.bd/certificate,4,0,0
1650136359040,13,Registration,200,OK,User 1-19,text,true,,7202,246,3,3,https://surokkha.gov.bd/enroll,8,0,3
1650136359040,8,Registration-0,302,Found,User 1-19,,true,,127,123,3,3,http://surokkha.gov.bd/enroll,8,0,3
1650136359048,5,Registration-1,200,OK,User 1-19,text,true,,7075,123,3,3,https://surokkha.gov.bd/enroll,5,0,0
1650136359052,12,Registration,200,OK,User 1-18,text,true,,7202,246,3,3,https://surokkha.gov.bd/enroll,7,0,2
1650136359052,7,Registration-0,302,Found,User 1-18,,true,,127,123,3,3,http://surokkha.gov.bd/enroll,7,0,2
1650136359059,5,Registration-1,200,OK,User 1-18,text,true,,7075,123,3,3,https://surokkha.gov.bd/enroll,5,0,0
1650136359054,11,Home,200,OK,User 1-19,text,true,,7196,234,3,3,https://surokkha.gov.bd/,7,0,2
1650136359054,7,Home-0,302,Found,User 1-19,,true,,121,117,3,3,http://surokkha.gov.bd/,7,0,2
1650136359061,4,Home-1,200,OK,User 1-19,text,true,,7075,117,3,3,https://surokkha.gov.bd/,4,0,0
1650136359064,12,Home,200,OK,User 1-18,text,true,,7196,234,2,2,https://surokkha.gov.bd/,8,0,3
1650136359064,8,Home-0,302,Found,User 1-18,,true,,121,117,2,2,http://surokkha.gov.bd/,8,0,3
1650136359072,4,Home-1,200,OK,User 1-18,text,true,,7075,117,2,2,https://surokkha.gov.bd/,4,0,0
1650136359076,12,Certificate,200,OK,User 1-18,text,true,,7207,256,2,2,https://surokkha.gov.bd/certificate,7,0,2
1650136359076,7,Certificate-0,302,Found,User 1-18,,true,,132,128,2,2,http://surokkha.gov.bd/certificate,7,0,2
1650136359083,5,Certificate-1,200,OK,User 1-18,text,true,,7075,128,2,2,https://surokkha.gov.bd/certificate,4,0,0
1650136359088,11,Registration,200,OK,User 1-18,text,true,,7202,246,2,2,https://surokkha.gov.bd/enroll,6,0,3
1650136359088,6,Registration-0,302,Found,User 1-18,,true,,127,123,2,2,http://surokkha.gov.bd/enroll,6,0,3
1650136359095,4,Registration-1,200,OK,User 1-18,text,true,,7075,123,2,2,https://surokkha.gov.bd/enroll,3,0,0
1650136359099,11,Home,200,OK,User 1-18,text,true,,7196,234,2,2,https://surokkha.gov.bd/,7,0,2
1650136359099,7,Home-0,302,Found,User 1-18,,true,,121,117,2,2,http://surokkha.gov.bd/,7,0,2
1650136359106,4,Home-1,200,OK,User 1-18,text,true,,7075,117,2,2,https://surokkha.gov.bd/,3,0,0
1650136358831,1013,Registration,200,OK,User 1-5,text,true,,7202,246,1,1,https://surokkha.gov.bd/enroll,1006,0,1002
1650136358831,1006,Registration-0,302,Found,User 1-5,,true,,127,123,1,1,http://surokkha.gov.bd/enroll,1006,0,1002
1650136359838,6,Registration-1,200,OK,User 1-5,text,true,,7075,123,1,1,https://surokkha.gov.bd/enroll,6,0,0
1650136359844,11,Home,200,OK,User 1-5,text,true,,7196,234,1,1,https://surokkha.gov.bd/,7,0,3
1650136359844,7,Home-0,302,Found,User 1-5,,true,,121,117,1,1,http://surokkha.gov.bd/,7,0,3
1650136359851,4,Home-1,200,OK,User 1-5,text,true,,7075,117,1,1,https://surokkha.gov.bd/,4,0,0
